,index,Date,Round,Game number,Venue,Home Team,Away Team,Home team score,Away team score,Home team score detail,Away team score detail,Winning team,Margin,Year stage,day,month,year,time,HomeCode,AwayCode,Pos_home,P_home,W_home,D_home,L_home,For_home,Agn_home,Max_home,Min_home,Home_W_home,Home_D_home,Home_L_home,Away_W_home,Away_D_home,Away_L_home,Stk_home,Pts_home,%_home,Stkn_home,Stkd_home,Pos_away,P_away,W_away,D_away,L_away,For_away,Agn_away,Max_away,Min_away,Home_W_away,Home_D_away,Home_L_away,Away_W_away,Away_D_away,Away_L_away,Stk_away,Pts_away,%_away,Stkn_away,Stkd_away,target
0,9,2022-03-24 18:20:00,2,1,Docklands,Western Bulldogs,Carlton,90,102,"[4, 1, 7, 3, 11, 5, 13, 12]","[5, 2, 12, 4, 14, 5, 16, 6]",Carlton,12,Early season,24,03,2022,18:20:00,07,03,17.0,1.0,0.0,0.0,1.0,71,97,71.0,71.0,0.0,0.0,0.0,0.0,0.0,1.0,1L,0.0,73.2,-1.0,L,5.0,1.0,1.0,0.0,0.0,101,76,101.0,101.0,1.0,0.0,0.0,0.0,0.0,0.0,1W,4.0,132.89,1.0,W,0
1,10,2022-03-25 18:50:00,2,2,S.C.G.,Sydney,Geelong,107,77,"[4, 3, 11, 3, 15, 4, 17, 5]","[2, 4, 6, 7, 8, 13, 10, 17]",Sydney,30,Early season,25,03,2022,18:50:00,16,09,6.0,1.0,1.0,0.0,0.0,112,92,112.0,112.0,0.0,0.0,0.0,1.0,0.0,0.0,1W,4.0,121.74,1.0,W,1.0,1.0,1.0,0.0,0.0,138,72,138.0,138.0,1.0,0.0,0.0,0.0,0.0,0.0,1W,4.0,191.67,1.0,W,1
2,11,2022-03-26 12:45:00,2,3,M.C.G.,Collingwood,Adelaide,100,58,"[5, 3, 7, 5, 14, 7, 15, 10]","[1, 5, 3, 6, 7, 6, 8, 10]",Collingwood,42,Early season,26,03,2022,12:45:00,04,01,7.0,1.0,1.0,0.0,0.0,102,85,102.0,102.0,0.0,0.0,0.0,1.0,0.0,0.0,1W,4.0,120.0,1.0,W,10.0,1.0,0.0,0.0,1.0,82,83,82.0,82.0,0.0,0.0,1.0,0.0,0.0,0.0,1L,0.0,98.8,-1.0,L,1
3,12,2022-03-26 15:35:00,2,4,Docklands,Essendon,Brisbane Lions,75,97,"[4, 5, 5, 9, 8, 13, 10, 15]","[1, 1, 7, 2, 13, 5, 15, 7]",Brisbane Lions,22,Early season,26,03,2022,15:35:00,05,19,18.0,1.0,0.0,0.0,1.0,72,138,72.0,72.0,0.0,0.0,0.0,0.0,0.0,1.0,1L,0.0,52.17,-1.0,L,8.0,1.0,1.0,0.0,0.0,80,69,80.0,80.0,1.0,0.0,0.0,0.0,0.0,0.0,1W,4.0,115.94,1.0,W,0
4,13,2022-03-26 18:40:00,2,5,Adelaide Oval,Port Adelaide,Hawthorn,56,120,"[0, 3, 3, 6, 7, 10, 7, 14]","[3, 2, 8, 4, 14, 4, 19, 6]",Hawthorn,64,Early season,26,03,2022,18:40:00,13,10,11.0,1.0,0.0,0.0,1.0,69,80,69.0,69.0,0.0,0.0,0.0,0.0,0.0,1.0,1L,0.0,86.25,-1.0,L,3.0,1.0,1.0,0.0,0.0,78,58,78.0,78.0,1.0,0.0,0.0,0.0,0.0,0.0,1W,4.0,134.48,1.0,W,0
5,14,2022-03-26 19:00:00,2,6,Carrara,Gold Coast,Melbourne,69,82,"[2, 3, 6, 5, 8, 7, 10, 9]","[3, 1, 9, 1, 12, 5, 12, 10]",Melbourne,13,Early season,26,03,2022,19:00:00,20,11,4.0,1.0,1.0,0.0,0.0,107,80,107.0,107.0,0.0,0.0,0.0,1.0,0.0,0.0,1W,4.0,133.75,1.0,W,2.0,1.0,1.0,0.0,0.0,97,71,97.0,97.0,1.0,0.0,0.0,0.0,0.0,0.0,1W,4.0,136.62,1.0,W,0
6,15,2022-03-27 12:10:00,2,7,Docklands,North Melbourne,West Coast,74,59,"[3, 3, 6, 10, 8, 11, 10, 14]","[2, 3, 4, 4, 6, 6, 8, 11]",North Melbourne,15,Early season,27,03,2022,12:10:00,12,18,16.0,1.0,0.0,0.0,1.0,58,78,58.0,58.0,0.0,0.0,0.0,0.0,0.0,1.0,1L,0.0,74.36,-1.0,L,15.0,1.0,0.0,0.0,1.0,80,107,80.0,80.0,0.0,0.0,1.0,0.0,0.0,0.0,1L,0.0,74.77,-1.0,L,1
7,16,2022-03-27 14:20:00,2,8,M.C.G.,Richmond,Greater Western Sydney,109,73,"[1, 5, 7, 7, 11, 9, 16, 13]","[1, 2, 4, 5, 7, 9, 10, 13]",Richmond,36,Early season,27,03,2022,14:20:00,14,21,14.0,1.0,0.0,0.0,1.0,76,101,76.0,76.0,0.0,0.0,0.0,0.0,0.0,1.0,1L,0.0,75.25,-1.0,L,13.0,1.0,0.0,0.0,1.0,92,112,92.0,92.0,0.0,0.0,1.0,0.0,0.0,0.0,1L,0.0,82.14,-1.0,L,1
8,17,2022-03-27 17:20:00,2,9,Perth Stadium,Fremantle,St Kilda,55,65,"[3, 0, 5, 1, 6, 4, 8, 7]","[0, 4, 2, 7, 8, 10, 9, 11]",St Kilda,10,Early season,27,03,2022,17:20:00,08,15,9.0,1.0,1.0,0.0,0.0,83,82,83.0,83.0,0.0,0.0,0.0,1.0,0.0,0.0,1W,4.0,101.22,1.0,W,12.0,1.0,0.0,0.0,1.0,85,102,85.0,85.0,0.0,0.0,1.0,0.0,0.0,0.0,1L,0.0,83.33,-1.0,L,0
9,18,2022-03-31 18:20:00,3,1,Docklands,Western Bulldogs,Sydney,71,60,"[3, 3, 4, 10, 6, 15, 9, 17]","[1, 3, 1, 3, 5, 3, 9, 6]",Western Bulldogs,11,Early season,31,03,2022,18:20:00,07,16,13.0,2.0,0.0,0.0,2.0,161,199,90.0,71.0,0.0,0.0,1.0,0.0,0.0,1.0,2L,0.0,80.9,-2.0,L,3.0,2.0,2.0,0.0,0.0,219,169,112.0,107.0,1.0,0.0,0.0,1.0,0.0,0.0,2W,8.0,129.59,2.0,W,1
10,19,2022-04-01 18:20:00,3,2,M.C.G.,Melbourne,Essendon,99,70,"[3, 5, 4, 8, 9, 12, 14, 15]","[0, 4, 3, 5, 8, 5, 10, 10]",Melbourne,29,Early season,01,04,2022,18:20:00,11,05,4.0,2.0,2.0,0.0,0.0,179,140,97.0,82.0,1.0,0.0,0.0,1.0,0.0,0.0,2W,8.0,127.86,2.0,W,17.0,2.0,0.0,0.0,2.0,147,235,75.0,72.0,0.0,0.0,1.0,0.0,0.0,1.0,2L,0.0,62.55,-2.0,L,1
11,20,2022-04-01 19:20:00,3,3,Adelaide Oval,Adelaide,Port Adelaide,96,92,"[2, 1, 7, 3, 10, 5, 15, 6]","[5, 2, 9, 7, 11, 12, 13, 14]",Adelaide,4,Early season,01,04,2022,19:20:00,01,13,15.0,2.0,0.0,0.0,2.0,140,183,82.0,58.0,0.0,0.0,1.0,0.0,0.0,1.0,2L,0.0,76.5,-2.0,L,18.0,2.0,0.0,0.0,2.0,125,200,69.0,56.0,0.0,0.0,1.0,0.0,0.0,1.0,2L,0.0,62.5,-2.0,L,1
12,21,2022-04-02 15:35:00,3,4,Sydney Showground,Greater Western Sydney,Gold Coast,83,57,"[5, 4, 8, 7, 9, 9, 12, 11]","[1, 4, 3, 5, 4, 6, 8, 9]",Greater Western Sydney,26,Early season,02,04,2022,15:35:00,21,20,16.0,2.0,0.0,0.0,2.0,165,221,92.0,73.0,0.0,0.0,1.0,0.0,0.0,1.0,2L,0.0,74.66,-2.0,L,8.0,2.0,1.0,0.0,1.0,176,162,107.0,69.0,0.0,0.0,1.0,1.0,0.0,0.0,1L,4.0,108.64,-1.0,L,1
13,22,2022-04-02 18:25:00,3,5,M.C.G.,Collingwood,Geelong,91,104,"[3, 7, 4, 11, 13, 12, 13, 13]","[2, 3, 6, 4, 9, 6, 16, 8]",Geelong,13,Early season,02,04,2022,18:25:00,04,09,2.0,2.0,2.0,0.0,0.0,202,143,102.0,100.0,1.0,0.0,0.0,1.0,0.0,0.0,2W,8.0,141.26,2.0,W,7.0,2.0,1.0,0.0,1.0,215,179,138.0,77.0,1.0,0.0,0.0,0.0,0.0,1.0,1L,4.0,120.11,-1.0,L,0
14,23,2022-04-02 19:00:00,3,6,Gabba,Brisbane Lions,North Melbourne,156,48,"[7, 2, 11, 6, 14, 13, 23, 18]","[2, 2, 5, 3, 6, 5, 7, 6]",Brisbane Lions,108,Early season,02,04,2022,19:00:00,19,12,5.0,2.0,2.0,0.0,0.0,177,144,97.0,80.0,1.0,0.0,0.0,1.0,0.0,0.0,2W,8.0,122.92,2.0,W,10.0,2.0,1.0,0.0,1.0,132,137,74.0,58.0,1.0,0.0,0.0,0.0,0.0,1.0,1W,4.0,96.35,1.0,W,1
15,24,2022-04-03 13:10:00,3,7,M.C.G.,Carlton,Hawthorn,74,73,"[7, 1, 9, 5, 10, 6, 11, 8]","[1, 3, 4, 5, 7, 7, 11, 7]",Carlton,1,Early season,03,04,2022,13:10:00,03,10,6.0,2.0,2.0,0.0,0.0,203,166,102.0,101.0,1.0,0.0,0.0,1.0,0.0,0.0,2W,8.0,122.29,2.0,W,1.0,2.0,2.0,0.0,0.0,198,114,120.0,78.0,1.0,0.0,0.0,1.0,0.0,0.0,2W,8.0,173.68,2.0,W,1
16,25,2022-04-03 15:20:00,3,8,Docklands,St Kilda,Richmond,117,84,"[6, 2, 8, 4, 11, 8, 18, 9]","[6, 4, 10, 5, 12, 6, 13, 6]",St Kilda,33,Early season,03,04,2022,15:20:00,15,14,11.0,2.0,1.0,0.0,1.0,150,157,85.0,65.0,0.0,0.0,1.0,1.0,0.0,0.0,1W,4.0,95.54,1.0,W,9.0,2.0,1.0,0.0,1.0,185,174,109.0,76.0,1.0,0.0,0.0,0.0,0.0,1.0,1W,4.0,106.32,1.0,W,1
17,26,2022-04-03 18:20:00,3,9,Perth Stadium,West Coast,Fremantle,47,102,"[1, 2, 1, 2, 4, 4, 7, 5]","[2, 4, 6, 6, 9, 10, 15, 12]",Fremantle,55,Early season,03,04,2022,18:20:00,18,08,14.0,2.0,0.0,0.0,2.0,139,181,80.0,59.0,0.0,0.0,1.0,0.0,0.0,1.0,2L,0.0,76.8,-2.0,L,12.0,2.0,1.0,0.0,1.0,138,147,83.0,55.0,0.0,0.0,1.0,1.0,0.0,0.0,1L,4.0,93.88,-1.0,L,0
18,27,2022-04-07 19:40:00,4,1,Adelaide Oval,Port Adelaide,Melbourne,36,68,"[0, 3, 0, 5, 1, 8, 4, 12]","[1, 3, 6, 6, 9, 7, 10, 8]",Melbourne,32,Regular season,07,04,2022,19:40:00,13,11,16.0,3.0,0.0,0.0,3.0,217,296,92.0,56.0,0.0,0.0,1.0,0.0,0.0,2.0,3L,0.0,73.31,-3.0,L,2.0,3.0,3.0,0.0,0.0,278,210,99.0,82.0,2.0,0.0,0.0,1.0,0.0,0.0,3W,12.0,132.38,3.0,W,0
19,28,2022-04-08 19:50:00,4,2,Kardinia Park,Geelong,Brisbane Lions,80,70,"[2, 2, 7, 6, 9, 8, 11, 14]","[2, 2, 6, 3, 10, 3, 11, 4]",Geelong,10,Regular season,08,04,2022,19:50:00,09,19,7.0,3.0,2.0,0.0,1.0,319,270,138.0,77.0,1.0,0.0,0.0,1.0,0.0,1.0,1W,8.0,118.15,1.0,W,1.0,3.0,3.0,0.0,0.0,333,192,156.0,80.0,2.0,0.0,0.0,1.0,0.0,0.0,3W,12.0,173.44,3.0,W,1
20,29,2022-04-09 14:40:00,4,3,S.C.G.,Sydney,North Melbourne,86,75,"[3, 2, 6, 4, 9, 6, 13, 8]","[4, 0, 6, 1, 11, 1, 12, 3]",Sydney,11,Regular season,09,04,2022,14:40:00,16,12,8.0,3.0,2.0,0.0,1.0,279,240,112.0,60.0,1.0,0.0,0.0,1.0,0.0,1.0,1L,8.0,116.25,-1.0,L,15.0,3.0,1.0,0.0,2.0,180,293,74.0,48.0,1.0,0.0,0.0,0.0,0.0,2.0,1L,4.0,61.43,-1.0,L,1
21,30,2022-04-09 16:35:00,4,4,Docklands,Collingwood,West Coast,74,87,"[1, 2, 6, 6, 9, 10, 10, 14]","[2, 2, 7, 2, 9, 3, 14, 3]",West Coast,13,Regular season,09,04,2022,16:35:00,04,18,6.0,3.0,2.0,0.0,1.0,293,247,102.0,91.0,1.0,0.0,1.0,1.0,0.0,0.0,1L,8.0,118.62,-1.0,L,17.0,3.0,0.0,0.0,3.0,186,283,80.0,47.0,0.0,0.0,2.0,0.0,0.0,1.0,3L,0.0,65.72,-3.0,L,0
22,31,2022-04-09 19:25:00,4,5,Perth Stadium,Fremantle,Greater Western Sydney,88,54,"[3, 5, 5, 7, 7, 10, 13, 10]","[2, 1, 5, 1, 8, 2, 8, 6]",Fremantle,34,Regular season,09,04,2022,19:25:00,08,21,5.0,3.0,2.0,0.0,1.0,240,194,102.0,55.0,0.0,0.0,1.0,2.0,0.0,0.0,1W,8.0,123.71,1.0,W,13.0,3.0,1.0,0.0,2.0,248,278,92.0,73.0,1.0,0.0,1.0,0.0,0.0,1.0,1W,4.0,89.21,1.0,W,1
23,32,2022-04-09 19:25:00,4,6,M.C.G.,Richmond,Western Bulldogs,99,61,"[2, 2, 7, 3, 12, 5, 15, 9]","[2, 7, 4, 10, 6, 17, 7, 19]",Richmond,38,Regular season,09,04,2022,19:25:00,14,07,11.0,3.0,1.0,0.0,2.0,269,291,109.0,76.0,1.0,0.0,0.0,0.0,0.0,2.0,1L,4.0,92.44,-1.0,L,12.0,3.0,1.0,0.0,2.0,232,259,90.0,71.0,1.0,0.0,1.0,0.0,0.0,1.0,1W,4.0,89.58,1.0,W,1
24,33,2022-04-10 13:10:00,4,7,Docklands,Essendon,Adelaide,103,99,"[5, 3, 9, 6, 12, 11, 15, 13]","[4, 2, 8, 4, 12, 6, 15, 9]",Essendon,4,Regular season,10,04,2022,13:10:00,05,01,18.0,3.0,0.0,0.0,3.0,217,334,75.0,70.0,0.0,0.0,1.0,0.0,0.0,2.0,3L,0.0,64.97,-3.0,L,14.0,3.0,1.0,0.0,2.0,236,275,96.0,58.0,1.0,0.0,1.0,0.0,0.0,1.0,1W,4.0,85.82,1.0,W,1
25,34,2022-04-10 15:20:00,4,8,M.C.G.,Hawthorn,St Kilda,73,142,"[3, 3, 5, 8, 7, 11, 10, 13]","[6, 1, 12, 3, 15, 8, 22, 10]",St Kilda,69,Regular season,10,04,2022,15:20:00,10,15,4.0,3.0,2.0,0.0,1.0,271,188,120.0,73.0,1.0,0.0,0.0,1.0,0.0,1.0,1L,8.0,144.15,-1.0,L,9.0,3.0,2.0,0.0,1.0,267,241,117.0,65.0,1.0,0.0,1.0,1.0,0.0,0.0,2W,8.0,110.79,2.0,W,0
26,35,2022-04-10 16:10:00,4,9,Carrara,Gold Coast,Carlton,92,62,"[5, 5, 7, 7, 12, 10, 13, 14]","[3, 2, 5, 5, 6, 9, 8, 14]",Gold Coast,30,Regular season,10,04,2022,16:10:00,20,03,10.0,3.0,1.0,0.0,2.0,233,245,107.0,57.0,0.0,0.0,1.0,1.0,0.0,1.0,2L,4.0,95.1,-2.0,L,3.0,3.0,3.0,0.0,0.0,277,239,102.0,74.0,2.0,0.0,0.0,1.0,0.0,0.0,3W,12.0,115.9,3.0,W,1
27,36,2022-04-14 19:35:00,5,1,Gabba,Brisbane Lions,Collingwood,98,91,"[3, 2, 9, 4, 12, 5, 15, 8]","[5, 2, 7, 3, 9, 5, 14, 7]",Brisbane Lions,7,Regular season,14,04,2022,19:35:00,19,04,2.0,4.0,3.0,0.0,1.0,403,272,156.0,70.0,2.0,0.0,0.0,1.0,0.0,1.0,1L,12.0,148.16,-1.0,L,8.0,4.0,2.0,0.0,2.0,367,334,102.0,74.0,1.0,0.0,2.0,1.0,0.0,0.0,2L,8.0,109.88,-2.0,L,1
28,37,2022-04-15 16:20:00,5,2,Docklands,North Melbourne,Western Bulldogs,71,139,"[1, 0, 6, 2, 8, 4, 11, 5]","[8, 3, 10, 4, 15, 5, 21, 13]",Western Bulldogs,68,Regular season,15,04,2022,16:20:00,12,07,17.0,4.0,1.0,0.0,3.0,255,379,75.0,48.0,1.0,0.0,0.0,0.0,0.0,3.0,2L,4.0,67.28,-2.0,L,14.0,4.0,1.0,0.0,3.0,293,358,90.0,61.0,1.0,0.0,1.0,0.0,0.0,2.0,1L,4.0,81.84,-1.0,L,0
29,38,2022-04-15 19:40:00,5,3,Perth Stadium,West Coast,Sydney,58,121,"[0, 0, 2, 0, 4, 3, 9, 4]","[5, 4, 10, 10, 11, 12, 18, 13]",Sydney,63,Regular season,15,04,2022,19:40:00,18,16,15.0,4.0,1.0,0.0,3.0,273,357,87.0,47.0,0.0,0.0,2.0,1.0,0.0,1.0,1W,4.0,76.47,1.0,W,6.0,4.0,3.0,0.0,1.0,365,315,112.0,60.0,2.0,0.0,0.0,1.0,0.0,1.0,1W,12.0,115.87,1.0,W,0
30,39,2022-04-16 13:45:00,5,4,Docklands,St Kilda,Gold Coast,87,61,"[3, 3, 6, 7, 9, 8, 13, 9]","[3, 1, 6, 1, 7, 4, 9, 7]",St Kilda,26,Regular season,16,04,2022,13:45:00,15,20,4.0,4.0,3.0,0.0,1.0,409,314,142.0,65.0,1.0,0.0,1.0,2.0,0.0,0.0,3W,12.0,130.25,3.0,W,9.0,4.0,2.0,0.0,2.0,325,307,107.0,57.0,1.0,0.0,1.0,1.0,0.0,1.0,1W,8.0,105.86,1.0,W,1
31,40,2022-04-16 16:35:00,5,5,Adelaide Oval,Adelaide,Richmond,101,82,"[4, 1, 9, 4, 13, 6, 15, 11]","[3, 1, 6, 3, 10, 10, 12, 10]",Adelaide,19,Regular season,16,04,2022,16:35:00,01,14,12.0,4.0,1.0,0.0,3.0,335,378,99.0,58.0,1.0,0.0,1.0,0.0,0.0,2.0,1L,4.0,88.62,-1.0,L,10.0,4.0,2.0,0.0,2.0,368,352,109.0,76.0,2.0,0.0,0.0,0.0,0.0,2.0,1W,8.0,104.55,1.0,W,1
32,41,2022-04-16 19:25:00,5,6,M.C.G.,Melbourne,Greater Western Sydney,120,53,"[4, 0, 6, 2, 16, 4, 19, 6]","[0, 5, 3, 6, 5, 8, 7, 11]",Melbourne,67,Regular season,16,04,2022,19:25:00,11,21,1.0,4.0,4.0,0.0,0.0,346,246,99.0,68.0,2.0,0.0,0.0,2.0,0.0,0.0,4W,16.0,140.65,4.0,W,13.0,4.0,1.0,0.0,3.0,302,366,92.0,54.0,1.0,0.0,1.0,0.0,0.0,2.0,1L,4.0,82.51,-1.0,L,1
33,42,2022-04-17 13:40:00,5,7,M.C.G.,Carlton,Port Adelaide,94,91,"[6, 4, 12, 6, 13, 8, 14, 10]","[2, 3, 4, 5, 10, 9, 13, 13]",Carlton,3,Regular season,17,04,2022,13:40:00,03,13,7.0,4.0,3.0,0.0,1.0,339,331,102.0,62.0,2.0,0.0,0.0,1.0,0.0,1.0,1L,12.0,102.42,-1.0,L,18.0,4.0,0.0,0.0,4.0,253,364,92.0,36.0,0.0,0.0,2.0,0.0,0.0,2.0,4L,0.0,69.51,-4.0,L,1
34,43,2022-04-17 16:40:00,5,8,Docklands,Essendon,Fremantle,59,107,"[1, 4, 5, 8, 5, 10, 8, 11]","[2, 2, 6, 5, 12, 8, 16, 11]",Fremantle,48,Regular season,17,04,2022,16:40:00,05,08,16.0,4.0,1.0,0.0,3.0,320,433,103.0,70.0,1.0,0.0,1.0,0.0,0.0,2.0,1W,4.0,73.9,1.0,W,3.0,4.0,3.0,0.0,1.0,328,248,102.0,55.0,1.0,0.0,1.0,2.0,0.0,0.0,2W,12.0,132.26,2.0,W,0
35,44,2022-04-18 15:20:00,5,9,M.C.G.,Hawthorn,Geelong,92,80,"[5, 3, 8, 4, 10, 4, 14, 8]","[1, 4, 6, 6, 11, 10, 11, 14]",Hawthorn,12,Regular season,18,04,2022,15:20:00,10,09,11.0,4.0,2.0,0.0,2.0,344,330,120.0,73.0,1.0,0.0,1.0,1.0,0.0,1.0,2L,8.0,104.24,-2.0,L,5.0,4.0,3.0,0.0,1.0,399,340,138.0,77.0,2.0,0.0,0.0,1.0,0.0,1.0,2W,12.0,117.35,2.0,W,1
36,45,2022-04-22 19:50:00,6,1,Manuka Oval,Greater Western Sydney,St Kilda,60,77,"[3, 4, 7, 7, 7, 9, 8, 12]","[4, 5, 5, 8, 9, 12, 10, 17]",St Kilda,17,Regular season,22,04,2022,19:50:00,21,15,14.0,5.0,1.0,0.0,4.0,355,486,92.0,53.0,1.0,0.0,1.0,0.0,0.0,3.0,2L,4.0,73.05,-2.0,L,4.0,5.0,4.0,0.0,1.0,496,375,142.0,65.0,2.0,0.0,1.0,2.0,0.0,0.0,4W,16.0,132.27,4.0,W,0
37,46,2022-04-23 13:45:00,6,2,Eureka Stadium,Western Bulldogs,Adelaide,62,63,"[3, 5, 3, 7, 5, 8, 9, 8]","[2, 4, 3, 7, 5, 11, 8, 15]",Adelaide,1,Regular season,23,04,2022,13:45:00,07,01,10.0,5.0,2.0,0.0,3.0,432,429,139.0,61.0,1.0,0.0,1.0,1.0,0.0,2.0,1W,8.0,100.7,1.0,W,13.0,5.0,2.0,0.0,3.0,436,460,101.0,58.0,2.0,0.0,1.0,0.0,0.0,2.0,1W,8.0,94.78,1.0,W,0
38,47,2022-04-23 16:35:00,6,3,Adelaide Oval,Port Adelaide,West Coast,117,33,"[1, 2, 8, 5, 11, 8, 18, 9]","[1, 2, 1, 4, 1, 8, 4, 9]",Port Adelaide,84,Regular season,23,04,2022,16:35:00,13,18,18.0,5.0,0.0,0.0,5.0,344,458,92.0,36.0,0.0,0.0,2.0,0.0,0.0,3.0,5L,0.0,75.11,-5.0,L,16.0,5.0,1.0,0.0,4.0,331,478,87.0,47.0,0.0,0.0,3.0,1.0,0.0,1.0,1L,4.0,69.25,-1.0,L,1
39,48,2022-04-23 19:40:00,6,4,Perth Stadium,Fremantle,Carlton,97,62,"[1, 4, 7, 6, 11, 9, 14, 13]","[2, 2, 4, 5, 6, 7, 9, 8]",Fremantle,35,Regular season,23,04,2022,19:40:00,08,03,2.0,5.0,4.0,0.0,1.0,435,307,107.0,55.0,1.0,0.0,1.0,3.0,0.0,0.0,3W,16.0,141.69,3.0,W,6.0,5.0,4.0,0.0,1.0,433,422,102.0,62.0,3.0,0.0,0.0,1.0,0.0,1.0,1W,16.0,102.61,1.0,W,1
40,49,2022-04-24 13:10:00,6,5,Bellerive Oval,North Melbourne,Geelong,61,121,"[1, 2, 2, 4, 4, 5, 9, 7]","[3, 7, 7, 11, 13, 15, 17, 19]",Geelong,60,Regular season,24,04,2022,13:10:00,12,09,17.0,5.0,1.0,0.0,4.0,326,518,75.0,48.0,1.0,0.0,1.0,0.0,0.0,3.0,3L,4.0,62.93,-3.0,L,7.0,5.0,3.0,0.0,2.0,479,432,138.0,77.0,2.0,0.0,0.0,1.0,0.0,2.0,1L,12.0,110.88,-1.0,L,0
41,50,2022-04-24 16:10:00,6,6,Carrara,Gold Coast,Brisbane Lions,80,132,"[2, 4, 4, 10, 7, 12, 11, 14]","[5, 1, 9, 3, 14, 4, 21, 6]",Brisbane Lions,52,Regular season,24,04,2022,16:10:00,20,19,12.0,5.0,2.0,0.0,3.0,386,394,107.0,57.0,1.0,0.0,1.0,1.0,0.0,2.0,1L,8.0,97.97,-1.0,L,3.0,5.0,4.0,0.0,1.0,501,363,156.0,70.0,3.0,0.0,0.0,1.0,0.0,1.0,1W,16.0,138.02,1.0,W,0
42,51,2022-04-24 19:25:00,6,7,M.C.G.,Richmond,Melbourne,54,76,"[2, 2, 5, 3, 7, 4, 8, 6]","[2, 6, 3, 12, 8, 19, 9, 22]",Melbourne,22,Regular season,24,04,2022,19:25:00,14,11,11.0,5.0,2.0,0.0,3.0,450,453,109.0,76.0,2.0,0.0,0.0,0.0,0.0,3.0,1L,8.0,99.34,-1.0,L,1.0,5.0,5.0,0.0,0.0,466,299,120.0,68.0,3.0,0.0,0.0,2.0,0.0,0.0,5W,20.0,155.85,5.0,W,0
43,52,2022-04-25 12:30:00,6,8,York Park,Hawthorn,Sydney,68,109,"[5, 4, 7, 5, 9, 8, 10, 8]","[3, 2, 4, 8, 7, 11, 16, 13]",Sydney,41,Regular season,25,04,2022,12:30:00,10,16,8.0,5.0,3.0,0.0,2.0,436,410,120.0,73.0,2.0,0.0,1.0,1.0,0.0,1.0,1W,12.0,106.34,1.0,W,5.0,5.0,4.0,0.0,1.0,486,373,121.0,60.0,2.0,0.0,0.0,2.0,0.0,1.0,2W,16.0,130.29,2.0,W,0
44,53,2022-04-25 15:20:00,6,9,M.C.G.,Essendon,Collingwood,82,93,"[2, 2, 4, 6, 8, 8, 12, 10]","[3, 2, 6, 2, 9, 3, 15, 3]",Collingwood,11,Regular season,25,04,2022,15:20:00,05,04,15.0,5.0,1.0,0.0,4.0,379,540,103.0,59.0,1.0,0.0,2.0,0.0,0.0,2.0,1L,4.0,70.19,-1.0,L,9.0,5.0,2.0,0.0,3.0,458,432,102.0,74.0,1.0,0.0,2.0,1.0,0.0,1.0,3L,8.0,106.02,-3.0,L,0
45,54,2022-04-29 20:10:00,7,1,Perth Stadium,West Coast,Richmond,56,165,"[1, 2, 2, 4, 4, 7, 8, 8]","[7, 3, 12, 7, 18, 11, 25, 15]",Richmond,109,Regular season,29,04,2022,20:10:00,18,14,17.0,6.0,1.0,0.0,5.0,364,595,87.0,33.0,0.0,0.0,3.0,1.0,0.0,2.0,2L,4.0,61.18,-2.0,L,12.0,6.0,2.0,0.0,4.0,504,529,109.0,54.0,2.0,0.0,1.0,0.0,0.0,3.0,2L,8.0,95.27,-2.0,L,0
46,55,2022-04-30 13:45:00,7,2,Kardinia Park,Geelong,Fremantle,66,69,"[5, 0, 5, 1, 6, 3, 10, 6]","[3, 3, 4, 7, 8, 8, 10, 9]",Fremantle,3,Regular season,30,04,2022,13:45:00,09,08,6.0,6.0,4.0,0.0,2.0,600,493,138.0,77.0,2.0,0.0,0.0,2.0,0.0,2.0,1W,16.0,121.7,1.0,W,2.0,6.0,5.0,0.0,1.0,532,369,107.0,55.0,2.0,0.0,1.0,3.0,0.0,0.0,4W,20.0,144.17,4.0,W,0
47,56,2022-04-30 14:10:00,7,3,Adelaide Oval,Adelaide,Greater Western Sydney,54,113,"[1, 1, 2, 3, 3, 4, 8, 6]","[5, 4, 11, 8, 14, 10, 17, 11]",Greater Western Sydney,59,Regular season,30,04,2022,14:10:00,01,21,10.0,6.0,3.0,0.0,3.0,499,522,101.0,58.0,2.0,0.0,1.0,1.0,0.0,2.0,2W,12.0,95.59,2.0,W,15.0,6.0,1.0,0.0,5.0,415,563,92.0,53.0,1.0,0.0,2.0,0.0,0.0,3.0,3L,4.0,73.71,-3.0,L,0
48,57,2022-04-30 16:35:00,7,4,M.C.G.,Melbourne,Hawthorn,91,81,"[3, 3, 7, 5, 13, 9, 13, 13]","[3, 5, 5, 8, 8, 11, 11, 15]",Melbourne,10,Regular season,30,04,2022,16:35:00,11,10,1.0,6.0,6.0,0.0,0.0,542,353,120.0,68.0,3.0,0.0,0.0,3.0,0.0,0.0,6W,24.0,153.54,6.0,W,9.0,6.0,3.0,0.0,3.0,504,519,120.0,68.0,2.0,0.0,2.0,1.0,0.0,1.0,1L,12.0,97.11,-1.0,L,1
49,58,2022-04-30 19:25:00,7,5,Docklands,Carlton,North Melbourne,114,64,"[5, 2, 8, 5, 15, 8, 17, 12]","[2, 3, 7, 3, 9, 4, 10, 4]",Carlton,50,Regular season,30,04,2022,19:25:00,03,12,7.0,6.0,4.0,0.0,2.0,495,519,102.0,62.0,3.0,0.0,0.0,1.0,0.0,2.0,1L,16.0,95.38,-1.0,L,18.0,6.0,1.0,0.0,5.0,387,639,75.0,48.0,1.0,0.0,2.0,0.0,0.0,3.0,4L,4.0,60.56,-4.0,L,1
50,59,2022-04-30 19:25:00,7,6,Cazaly's Stadium,St Kilda,Port Adelaide,42,43,"[2, 3, 3, 6, 3, 13, 4, 18]","[0, 2, 1, 4, 4, 6, 5, 13]",Port Adelaide,1,Regular season,30,04,2022,19:25:00,15,13,5.0,6.0,5.0,0.0,1.0,573,435,142.0,65.0,2.0,0.0,1.0,3.0,0.0,0.0,5W,20.0,131.72,5.0,W,14.0,6.0,1.0,0.0,5.0,461,491,117.0,36.0,1.0,0.0,2.0,0.0,0.0,3.0,1W,4.0,93.89,1.0,W,0
51,60,2022-05-01 13:10:00,7,7,M.C.G.,Collingwood,Gold Coast,115,90,"[7, 3, 11, 5, 15, 10, 17, 13]","[3, 1, 8, 2, 11, 3, 14, 6]",Collingwood,25,Regular season,01,05,2022,13:10:00,04,20,8.0,6.0,3.0,0.0,3.0,551,514,102.0,74.0,1.0,0.0,2.0,2.0,0.0,1.0,1W,12.0,107.2,1.0,W,13.0,6.0,2.0,0.0,4.0,466,526,107.0,57.0,1.0,0.0,2.0,1.0,0.0,2.0,2L,8.0,88.59,-2.0,L,1
52,61,2022-05-01 15:20:00,7,8,Docklands,Western Bulldogs,Essendon,103,71,"[3, 1, 6, 3, 13, 4, 16, 7]","[2, 3, 3, 7, 6, 10, 10, 11]",Western Bulldogs,32,Regular season,01,05,2022,15:20:00,07,05,11.0,6.0,2.0,0.0,4.0,494,492,139.0,61.0,1.0,0.0,2.0,1.0,0.0,2.0,1L,8.0,100.41,-1.0,L,16.0,6.0,1.0,0.0,5.0,461,633,103.0,59.0,1.0,0.0,3.0,0.0,0.0,2.0,2L,4.0,72.83,-2.0,L,1
53,62,2022-05-01 16:40:00,7,9,S.C.G.,Sydney,Brisbane Lions,89,113,"[1, 3, 2, 4, 8, 6, 13, 11]","[1, 3, 7, 7, 12, 11, 17, 11]",Brisbane Lions,24,Regular season,01,05,2022,16:40:00,16,19,4.0,6.0,5.0,0.0,1.0,595,441,121.0,60.0,2.0,0.0,0.0,3.0,0.0,1.0,3W,20.0,134.92,3.0,W,3.0,6.0,5.0,0.0,1.0,633,443,156.0,70.0,3.0,0.0,0.0,2.0,0.0,1.0,2W,20.0,142.89,2.0,W,0
54,63,2022-05-06 19:30:00,8,1,Adelaide Oval,Port Adelaide,Western Bulldogs,86,69,"[5, 0, 7, 4, 12, 8, 12, 14]","[4, 4, 6, 6, 8, 8, 10, 9]",Port Adelaide,17,Regular season,06,05,2022,19:30:00,13,07,13.0,7.0,2.0,0.0,5.0,504,533,117.0,36.0,1.0,0.0,2.0,1.0,0.0,3.0,2W,8.0,94.56,2.0,W,10.0,7.0,3.0,0.0,4.0,597,563,139.0,61.0,2.0,0.0,2.0,1.0,0.0,2.0,1W,12.0,106.04,1.0,W,1
55,64,2022-05-06 20:40:00,8,2,Perth Stadium,Fremantle,North Melbourne,102,24,"[5, 1, 8, 5, 12, 9, 15, 12]","[0, 2, 2, 3, 2, 5, 3, 6]",Fremantle,78,Regular season,06,05,2022,20:40:00,08,12,3.0,7.0,6.0,0.0,1.0,601,435,107.0,55.0,2.0,0.0,1.0,4.0,0.0,0.0,5W,24.0,138.16,5.0,W,17.0,7.0,1.0,0.0,6.0,451,753,75.0,48.0,1.0,0.0,2.0,0.0,0.0,4.0,5L,4.0,59.89,-5.0,L,1
56,65,2022-05-07 13:45:00,8,3,M.C.G.,Richmond,Collingwood,113,86,"[3, 3, 9, 7, 13, 10, 17, 11]","[2, 3, 5, 7, 8, 11, 12, 14]",Richmond,27,Regular season,07,05,2022,13:45:00,14,04,9.0,7.0,3.0,0.0,4.0,669,585,165.0,54.0,2.0,0.0,1.0,1.0,0.0,3.0,1W,12.0,114.36,1.0,W,8.0,7.0,4.0,0.0,3.0,666,604,115.0,74.0,2.0,0.0,2.0,2.0,0.0,1.0,2W,16.0,110.26,2.0,W,1
57,66,2022-05-07 13:45:00,8,4,S.C.G.,Sydney,Gold Coast,61,75,"[1, 4, 4, 7, 8, 11, 8, 13]","[3, 6, 7, 6, 8, 11, 10, 15]",Gold Coast,14,Regular season,07,05,2022,13:45:00,16,20,5.0,7.0,5.0,0.0,2.0,684,554,121.0,60.0,2.0,0.0,1.0,3.0,0.0,1.0,1L,20.0,123.47,-1.0,L,14.0,7.0,2.0,0.0,5.0,556,641,107.0,57.0,1.0,0.0,2.0,1.0,0.0,3.0,3L,8.0,86.74,-3.0,L,0
58,67,2022-05-07 16:35:00,8,5,Manuka Oval,Greater Western Sydney,Geelong,35,88,"[2, 2, 3, 5, 3, 9, 4, 11]","[4, 3, 6, 7, 8, 11, 12, 16]",Geelong,53,Regular season,07,05,2022,16:35:00,21,09,15.0,7.0,2.0,0.0,5.0,528,617,113.0,53.0,1.0,0.0,2.0,1.0,0.0,3.0,1W,8.0,85.58,1.0,W,7.0,7.0,4.0,0.0,3.0,666,562,138.0,66.0,2.0,0.0,1.0,2.0,0.0,2.0,1L,16.0,118.51,-1.0,L,0
59,68,2022-05-07 19:25:00,8,6,Docklands,Essendon,Hawthorn,108,81,"[2, 2, 6, 3, 8, 10, 16, 12]","[3, 7, 8, 9, 10, 13, 11, 15]",Essendon,27,Regular season,07,05,2022,19:25:00,05,10,16.0,7.0,1.0,0.0,6.0,532,736,103.0,59.0,1.0,0.0,3.0,0.0,0.0,3.0,3L,4.0,72.28,-3.0,L,11.0,7.0,3.0,0.0,4.0,585,610,120.0,68.0,2.0,0.0,2.0,1.0,0.0,2.0,2L,12.0,95.9,-2.0,L,1
60,69,2022-05-07 19:25:00,8,7,Gabba,Brisbane Lions,West Coast,105,30,"[3, 3, 5, 6, 9, 7, 16, 9]","[1, 0, 1, 1, 3, 2, 4, 6]",Brisbane Lions,75,Regular season,07,05,2022,19:25:00,19,18,2.0,7.0,6.0,0.0,1.0,746,532,156.0,70.0,3.0,0.0,0.0,3.0,0.0,1.0,3W,24.0,140.23,3.0,W,18.0,7.0,1.0,0.0,6.0,420,760,87.0,33.0,0.0,0.0,4.0,1.0,0.0,2.0,3L,4.0,55.26,-3.0,L,1
61,70,2022-05-08 13:10:00,8,8,M.C.G.,Melbourne,St Kilda,93,55,"[4, 2, 9, 3, 10, 5, 14, 9]","[0, 3, 3, 4, 5, 7, 8, 7]",Melbourne,38,Regular season,08,05,2022,13:10:00,11,15,1.0,7.0,7.0,0.0,0.0,633,434,120.0,68.0,4.0,0.0,0.0,3.0,0.0,0.0,7W,28.0,145.85,7.0,W,4.0,7.0,5.0,0.0,2.0,615,478,142.0,42.0,2.0,0.0,2.0,3.0,0.0,0.0,1L,20.0,128.66,-1.0,L,1
62,71,2022-05-08 16:40:00,8,9,Docklands,Carlton,Adelaide,116,68,"[3, 3, 9, 6, 15, 12, 17, 14]","[2, 2, 5, 4, 5, 6, 10, 8]",Carlton,48,Regular season,08,05,2022,16:40:00,03,01,6.0,7.0,5.0,0.0,2.0,609,583,114.0,62.0,4.0,0.0,0.0,1.0,0.0,2.0,1W,20.0,104.46,1.0,W,12.0,7.0,3.0,0.0,4.0,553,635,101.0,54.0,2.0,0.0,2.0,1.0,0.0,2.0,1L,12.0,87.09,-1.0,L,1
63,72,2022-05-13 19:50:00,9,1,Docklands,Collingwood,Western Bulldogs,51,99,"[1, 3, 2, 6, 4, 7, 7, 9]","[6, 5, 7, 10, 11, 11, 14, 15]",Western Bulldogs,48,Regular season,13,05,2022,19:50:00,04,07,9.0,8.0,4.0,0.0,4.0,752,717,115.0,74.0,2.0,0.0,2.0,2.0,0.0,2.0,1L,16.0,104.88,-1.0,L,10.0,8.0,3.0,0.0,5.0,666,649,139.0,61.0,2.0,0.0,2.0,1.0,0.0,3.0,1L,12.0,102.62,-1.0,L,0
64,73,2022-05-14 13:45:00,9,2,M.C.G.,Hawthorn,Richmond,94,117,"[4, 4, 8, 5, 9, 8, 14, 10]","[3, 3, 9, 5, 12, 9, 17, 15]",Richmond,23,Regular season,14,05,2022,13:45:00,10,14,12.0,8.0,3.0,0.0,5.0,666,718,120.0,68.0,2.0,0.0,2.0,1.0,0.0,3.0,3L,12.0,92.76,-3.0,L,8.0,8.0,4.0,0.0,4.0,782,671,165.0,54.0,3.0,0.0,1.0,1.0,0.0,3.0,2W,16.0,116.54,2.0,W,0
65,74,2022-05-14 14:10:00,9,3,Bellerive Oval,North Melbourne,Port Adelaide,46,115,"[1, 3, 3, 7, 5, 9, 6, 10]","[6, 5, 8, 8, 10, 11, 17, 13]",Port Adelaide,69,Regular season,14,05,2022,14:10:00,12,13,17.0,8.0,1.0,0.0,7.0,475,855,75.0,24.0,1.0,0.0,2.0,0.0,0.0,5.0,6L,4.0,55.56,-6.0,L,11.0,8.0,3.0,0.0,5.0,590,602,117.0,36.0,2.0,0.0,2.0,1.0,0.0,3.0,3W,12.0,98.01,3.0,W,0
66,75,2022-05-14 16:35:00,9,4,Docklands,St Kilda,Geelong,90,80,"[2, 2, 4, 4, 11, 8, 13, 12]","[4, 3, 6, 8, 8, 10, 11, 14]",St Kilda,10,Regular season,14,05,2022,16:35:00,15,09,7.0,8.0,5.0,0.0,3.0,670,571,142.0,42.0,2.0,0.0,2.0,3.0,0.0,1.0,2L,20.0,117.34,-2.0,L,5.0,8.0,5.0,0.0,3.0,754,597,138.0,66.0,2.0,0.0,1.0,3.0,0.0,2.0,1W,20.0,126.3,1.0,W,1
67,76,2022-05-14 19:25:00,9,5,S.C.G.,Sydney,Essendon,105,47,"[5, 5, 9, 12, 12, 16, 14, 21]","[2, 3, 4, 4, 5, 7, 6, 11]",Sydney,58,Regular season,14,05,2022,19:25:00,16,05,6.0,8.0,5.0,0.0,3.0,745,629,121.0,60.0,2.0,0.0,2.0,3.0,0.0,1.0,2L,20.0,118.44,-2.0,L,16.0,8.0,2.0,0.0,6.0,640,817,108.0,59.0,2.0,0.0,3.0,0.0,0.0,3.0,1W,8.0,78.34,1.0,W,1
68,77,2022-05-14 19:40:00,9,6,Adelaide Oval,Adelaide,Brisbane Lions,66,102,"[3, 3, 7, 6, 8, 8, 9, 12]","[5, 2, 7, 3, 13, 6, 16, 6]",Brisbane Lions,36,Regular season,14,05,2022,19:40:00,01,19,14.0,8.0,3.0,0.0,5.0,621,751,101.0,54.0,2.0,0.0,2.0,1.0,0.0,3.0,2L,12.0,82.69,-2.0,L,3.0,8.0,7.0,0.0,1.0,851,562,156.0,70.0,4.0,0.0,0.0,3.0,0.0,1.0,4W,28.0,151.42,4.0,W,0
69,78,2022-05-15 13:40:00,9,7,Carrara,Gold Coast,Fremantle,69,33,"[2, 1, 5, 5, 6, 8, 10, 9]","[2, 3, 2, 4, 2, 5, 4, 9]",Gold Coast,36,Regular season,15,05,2022,13:40:00,20,08,13.0,8.0,3.0,0.0,5.0,631,702,107.0,57.0,1.0,0.0,2.0,2.0,0.0,3.0,1W,12.0,89.89,1.0,W,2.0,8.0,7.0,0.0,1.0,703,459,107.0,55.0,3.0,0.0,1.0,4.0,0.0,0.0,6W,28.0,153.16,6.0,W,1
70,79,2022-05-15 15:20:00,9,8,Sydney Showground,Greater Western Sydney,Carlton,75,105,"[3, 3, 7, 5, 10, 6, 11, 9]","[5, 3, 7, 5, 10, 12, 15, 15]",Carlton,30,Regular season,15,05,2022,15:20:00,21,03,15.0,8.0,2.0,0.0,6.0,563,705,113.0,35.0,1.0,0.0,3.0,1.0,0.0,3.0,1L,8.0,79.86,-1.0,L,4.0,8.0,6.0,0.0,2.0,725,651,116.0,62.0,5.0,0.0,0.0,1.0,0.0,2.0,2W,24.0,111.37,2.0,W,0
71,80,2022-05-15 17:20:00,9,9,Perth Stadium,West Coast,Melbourne,38,112,"[1, 0, 1, 3, 3, 4, 5, 8]","[6, 5, 7, 9, 9, 12, 16, 16]",Melbourne,74,Regular season,15,05,2022,17:20:00,18,11,18.0,8.0,1.0,0.0,7.0,450,865,87.0,30.0,0.0,0.0,4.0,1.0,0.0,3.0,4L,4.0,52.02,-4.0,L,1.0,8.0,8.0,0.0,0.0,726,489,120.0,68.0,5.0,0.0,0.0,3.0,0.0,0.0,8W,32.0,148.47,8.0,W,0
72,81,2022-05-20 19:50:00,10,1,Docklands,Carlton,Sydney,102,87,"[3, 5, 12, 8, 14, 9, 15, 12]","[4, 0, 7, 0, 12, 4, 13, 9]",Carlton,15,Regular season,20,05,2022,19:50:00,03,16,4.0,9.0,7.0,0.0,2.0,830,726,116.0,62.0,5.0,0.0,0.0,2.0,0.0,2.0,3W,28.0,114.33,3.0,W,5.0,9.0,6.0,0.0,3.0,850,676,121.0,60.0,3.0,0.0,2.0,3.0,0.0,1.0,1W,24.0,125.74,1.0,W,1
73,82,2022-05-21 13:45:00,10,2,Eureka Stadium,Western Bulldogs,Gold Coast,106,87,"[4, 5, 6, 12, 10, 15, 15, 16]","[3, 3, 6, 5, 9, 7, 13, 9]",Western Bulldogs,19,Regular season,21,05,2022,13:45:00,07,20,9.0,9.0,4.0,0.0,5.0,765,700,139.0,61.0,2.0,0.0,2.0,2.0,0.0,3.0,1W,16.0,109.29,1.0,W,12.0,9.0,4.0,0.0,5.0,700,735,107.0,57.0,2.0,0.0,2.0,2.0,0.0,3.0,2W,16.0,95.24,2.0,W,1
74,83,2022-05-21 13:45:00,10,3,Kardinia Park,Geelong,Port Adelaide,82,47,"[3, 6, 4, 8, 9, 11, 11, 16]","[2, 1, 5, 3, 6, 3, 7, 5]",Geelong,35,Regular season,21,05,2022,13:45:00,09,13,7.0,9.0,5.0,0.0,4.0,834,687,138.0,66.0,2.0,0.0,1.0,3.0,0.0,3.0,1L,20.0,121.4,-1.0,L,10.0,9.0,4.0,0.0,5.0,705,648,117.0,36.0,2.0,0.0,2.0,2.0,0.0,3.0,4W,16.0,108.8,4.0,W,1
75,84,2022-05-21 16:35:00,10,4,Docklands,North Melbourne,Melbourne,53,100,"[3, 0, 6, 1, 8, 3, 8, 5]","[4, 4, 8, 9, 10, 13, 14, 16]",Melbourne,47,Regular season,21,05,2022,16:35:00,12,11,17.0,9.0,1.0,0.0,8.0,521,970,75.0,24.0,1.0,0.0,3.0,0.0,0.0,5.0,7L,4.0,53.71,-7.0,L,1.0,9.0,9.0,0.0,0.0,838,527,120.0,68.0,5.0,0.0,0.0,4.0,0.0,0.0,9W,36.0,159.01,9.0,W,0
76,85,2022-05-21 19:30:00,10,5,Adelaide Oval,Adelaide,St Kilda,69,90,"[1, 5, 4, 8, 6, 13, 9, 15]","[2, 1, 3, 3, 6, 4, 14, 6]",St Kilda,21,Regular season,21,05,2022,19:30:00,01,15,14.0,9.0,3.0,0.0,6.0,687,853,101.0,54.0,2.0,0.0,3.0,1.0,0.0,3.0,3L,12.0,80.54,-3.0,L,6.0,9.0,6.0,0.0,3.0,760,651,142.0,42.0,3.0,0.0,2.0,3.0,0.0,1.0,1W,24.0,116.74,1.0,W,0
77,86,2022-05-21 19:30:00,10,6,M.C.G.,Richmond,Essendon,80,48,"[2, 3, 7, 5, 9, 12, 11, 14]","[1, 2, 3, 3, 6, 3, 7, 6]",Richmond,32,Regular season,21,05,2022,19:30:00,14,05,8.0,9.0,5.0,0.0,4.0,899,765,165.0,54.0,3.0,0.0,1.0,2.0,0.0,3.0,3W,20.0,117.52,3.0,W,16.0,9.0,2.0,0.0,7.0,687,922,108.0,47.0,2.0,0.0,3.0,0.0,0.0,4.0,1L,8.0,74.51,-1.0,L,1
78,87,2022-05-22 14:10:00,10,7,Sydney Showground,Greater Western Sydney,West Coast,138,86,"[7, 3, 14, 3, 17, 7, 21, 12]","[4, 1, 5, 4, 9, 5, 13, 8]",Greater Western Sydney,52,Regular season,22,05,2022,14:10:00,21,18,15.0,9.0,2.0,0.0,7.0,638,810,113.0,35.0,1.0,0.0,4.0,1.0,0.0,3.0,2L,8.0,78.77,-2.0,L,18.0,9.0,1.0,0.0,8.0,488,977,87.0,30.0,0.0,0.0,5.0,1.0,0.0,3.0,5L,4.0,49.95,-5.0,L,1
79,88,2022-05-22 15:20:00,10,8,York Park,Hawthorn,Brisbane Lions,117,112,"[5, 2, 10, 3, 13, 5, 18, 9]","[6, 2, 9, 8, 13, 9, 17, 10]",Hawthorn,5,Regular season,22,05,2022,15:20:00,10,19,13.0,9.0,3.0,0.0,6.0,760,835,120.0,68.0,2.0,0.0,3.0,1.0,0.0,3.0,4L,12.0,91.02,-4.0,L,2.0,9.0,8.0,0.0,1.0,953,628,156.0,70.0,4.0,0.0,0.0,4.0,0.0,1.0,5W,32.0,151.75,5.0,W,1
80,89,2022-05-22 17:20:00,10,9,Perth Stadium,Fremantle,Collingwood,44,80,"[2, 2, 2, 4, 3, 6, 6, 8]","[2, 2, 5, 3, 7, 4, 12, 8]",Collingwood,36,Regular season,22,05,2022,17:20:00,08,04,3.0,9.0,7.0,0.0,2.0,736,528,107.0,33.0,3.0,0.0,1.0,4.0,0.0,1.0,1L,28.0,139.39,-1.0,L,11.0,9.0,4.0,0.0,5.0,803,816,115.0,51.0,2.0,0.0,3.0,2.0,0.0,2.0,2L,16.0,98.41,-2.0,L,0
81,90,2022-05-27 19:50:00,11,1,S.C.G.,Sydney,Richmond,106,100,"[3, 4, 6, 7, 10, 10, 16, 10]","[5, 0, 11, 2, 12, 4, 15, 10]",Sydney,6,Regular season,27,05,2022,19:50:00,16,14,7.0,10.0,6.0,0.0,4.0,937,778,121.0,60.0,3.0,0.0,2.0,3.0,0.0,2.0,1L,24.0,120.44,-1.0,L,8.0,10.0,6.0,0.0,4.0,979,813,165.0,54.0,4.0,0.0,1.0,2.0,0.0,3.0,4W,24.0,120.42,4.0,W,1
82,91,2022-05-28 13:45:00,11,2,Kardinia Park,Geelong,Adelaide,97,55,"[2, 4, 8, 5, 11, 5, 15, 7]","[0, 6, 3, 7, 6, 11, 7, 13]",Geelong,42,Regular season,28,05,2022,13:45:00,09,01,6.0,10.0,6.0,0.0,4.0,916,734,138.0,66.0,3.0,0.0,1.0,3.0,0.0,3.0,1W,24.0,124.8,1.0,W,15.0,10.0,3.0,0.0,7.0,756,943,101.0,54.0,2.0,0.0,4.0,1.0,0.0,3.0,4L,12.0,80.17,-4.0,L,1
83,92,2022-05-28 13:45:00,11,3,Gabba,Brisbane Lions,Greater Western Sydney,110,96,"[6, 1, 9, 4, 14, 11, 16, 14]","[8, 1, 10, 1, 12, 2, 15, 6]",Brisbane Lions,14,Regular season,28,05,2022,13:45:00,19,21,2.0,10.0,8.0,0.0,2.0,1065,745,156.0,70.0,4.0,0.0,0.0,4.0,0.0,2.0,1L,32.0,142.95,-1.0,L,14.0,10.0,3.0,0.0,7.0,776,896,138.0,35.0,2.0,0.0,4.0,1.0,0.0,3.0,1W,12.0,86.61,1.0,W,1
84,93,2022-05-28 16:35:00,11,4,M.C.G.,Melbourne,Fremantle,56,94,"[2, 2, 6, 8, 7, 10, 7, 14]","[1, 6, 2, 7, 10, 9, 14, 10]",Fremantle,38,Regular season,28,05,2022,16:35:00,11,08,1.0,10.0,10.0,0.0,0.0,938,580,120.0,68.0,5.0,0.0,0.0,5.0,0.0,0.0,10W,40.0,161.72,10.0,W,4.0,10.0,7.0,0.0,3.0,780,608,107.0,33.0,3.0,0.0,2.0,4.0,0.0,1.0,2L,28.0,128.29,-2.0,L,0
85,94,2022-05-28 19:30:00,11,5,Perth Stadium,West Coast,Western Bulldogs,60,161,"[3, 0, 5, 5, 7, 5, 9, 6]","[6, 3, 10, 7, 18, 9, 25, 11]",Western Bulldogs,101,Regular season,28,05,2022,19:30:00,18,07,18.0,10.0,1.0,0.0,9.0,574,1115,87.0,30.0,0.0,0.0,5.0,1.0,0.0,4.0,6L,4.0,51.48,-6.0,L,9.0,10.0,5.0,0.0,5.0,871,787,139.0,61.0,3.0,0.0,2.0,2.0,0.0,3.0,2W,20.0,110.67,2.0,W,0
86,95,2022-05-28 19:40:00,11,6,Marrara Oval,Gold Coast,Hawthorn,121,54,"[4, 3, 10, 8, 14, 12, 18, 13]","[1, 3, 4, 3, 5, 5, 7, 12]",Gold Coast,67,Regular season,28,05,2022,19:40:00,20,10,12.0,10.0,4.0,0.0,6.0,787,841,107.0,57.0,2.0,0.0,2.0,2.0,0.0,4.0,1L,16.0,93.58,-1.0,L,13.0,10.0,4.0,0.0,6.0,877,947,120.0,68.0,3.0,0.0,3.0,1.0,0.0,3.0,1W,16.0,92.61,1.0,W,1
87,96,2022-05-29 13:10:00,11,7,Docklands,St Kilda,North Melbourne,103,50,"[5, 2, 6, 5, 12, 7, 16, 7]","[2, 2, 2, 3, 4, 4, 7, 8]",St Kilda,53,Regular season,29,05,2022,13:10:00,15,12,5.0,10.0,7.0,0.0,3.0,850,720,142.0,42.0,3.0,0.0,2.0,4.0,0.0,1.0,2W,28.0,118.06,2.0,W,17.0,10.0,1.0,0.0,9.0,574,1070,75.0,24.0,1.0,0.0,4.0,0.0,0.0,5.0,8L,4.0,53.64,-8.0,L,1
88,97,2022-05-29 15:20:00,11,8,M.C.G.,Collingwood,Carlton,79,75,"[3, 4, 4, 8, 7, 12, 11, 13]","[2, 2, 6, 2, 6, 7, 11, 9]",Collingwood,4,Regular season,29,05,2022,15:20:00,04,03,10.0,10.0,5.0,0.0,5.0,883,860,115.0,51.0,2.0,0.0,3.0,3.0,0.0,2.0,1W,20.0,102.67,1.0,W,3.0,10.0,8.0,0.0,2.0,932,813,116.0,62.0,6.0,0.0,0.0,2.0,0.0,2.0,4W,32.0,114.64,4.0,W,1
89,98,2022-05-29 16:40:00,11,9,Adelaide Oval,Port Adelaide,Essendon,66,50,"[4, 2, 8, 4, 9, 8, 9, 12]","[0, 6, 2, 9, 6, 12, 6, 14]",Port Adelaide,16,Regular season,29,05,2022,16:40:00,13,05,11.0,10.0,4.0,0.0,6.0,752,730,117.0,36.0,2.0,0.0,2.0,2.0,0.0,4.0,1L,16.0,103.01,-1.0,L,16.0,10.0,2.0,0.0,8.0,735,1002,108.0,47.0,2.0,0.0,3.0,0.0,0.0,5.0,2L,8.0,73.35,-2.0,L,1
90,99,2022-06-03 19:50:00,12,1,Docklands,Western Bulldogs,Geelong,70,83,"[1, 5, 4, 6, 6, 9, 10, 10]","[7, 2, 8, 6, 8, 8, 12, 11]",Geelong,13,Regular season,03,06,2022,19:50:00,07,09,8.0,11.0,6.0,0.0,5.0,1032,847,161.0,61.0,3.0,0.0,2.0,3.0,0.0,3.0,3W,24.0,121.84,3.0,W,6.0,11.0,7.0,0.0,4.0,1013,789,138.0,66.0,4.0,0.0,1.0,3.0,0.0,3.0,2W,28.0,128.39,2.0,W,0
91,100,2022-06-04 13:45:00,12,2,Adelaide Oval,Adelaide,West Coast,88,57,"[5, 2, 9, 6, 10, 10, 13, 10]","[0, 1, 3, 4, 5, 5, 8, 9]",Adelaide,31,Regular season,04,06,2022,13:45:00,01,18,15.0,11.0,3.0,0.0,8.0,811,1040,101.0,54.0,2.0,0.0,4.0,1.0,0.0,4.0,5L,12.0,77.98,-5.0,L,18.0,11.0,1.0,0.0,10.0,634,1276,87.0,30.0,0.0,0.0,6.0,1.0,0.0,4.0,7L,4.0,49.69,-7.0,L,1
92,101,2022-06-04 16:35:00,12,3,Marrara Oval,Gold Coast,North Melbourne,109,47,"[1, 4, 8, 11, 11, 13, 15, 19]","[4, 3, 4, 3, 7, 3, 7, 5]",Gold Coast,62,Regular season,04,06,2022,16:35:00,20,12,12.0,11.0,5.0,0.0,6.0,908,895,121.0,57.0,3.0,0.0,2.0,2.0,0.0,4.0,1W,20.0,101.45,1.0,W,17.0,11.0,1.0,0.0,10.0,624,1173,75.0,24.0,1.0,0.0,4.0,0.0,0.0,6.0,9L,4.0,53.2,-9.0,L,1
93,102,2022-06-04 19:25:00,12,4,M.C.G.,Melbourne,Sydney,61,73,"[5, 1, 7, 1, 8, 6, 9, 7]","[1, 5, 6, 9, 6, 11, 10, 13]",Sydney,12,Regular season,04,06,2022,19:25:00,11,16,1.0,11.0,10.0,0.0,1.0,994,674,120.0,56.0,5.0,0.0,1.0,5.0,0.0,0.0,1L,40.0,147.48,-1.0,L,7.0,11.0,7.0,0.0,4.0,1043,878,121.0,60.0,4.0,0.0,2.0,3.0,0.0,2.0,1W,28.0,118.79,1.0,W,0
94,103,2022-06-05 14:10:00,12,5,M.C.G.,Hawthorn,Collingwood,68,72,"[2, 2, 4, 4, 8, 5, 10, 8]","[5, 4, 7, 9, 8, 10, 10, 12]",Collingwood,4,Regular season,05,06,2022,14:10:00,10,04,13.0,11.0,4.0,0.0,7.0,931,1068,120.0,54.0,3.0,0.0,3.0,1.0,0.0,4.0,1L,16.0,87.17,-1.0,L,10.0,11.0,6.0,0.0,5.0,962,935,115.0,51.0,3.0,0.0,3.0,3.0,0.0,2.0,2W,24.0,102.89,2.0,W,0
95,104,2022-06-05 17:20:00,12,6,Perth Stadium,Fremantle,Brisbane Lions,99,85,"[1, 1, 4, 3, 10, 5, 15, 9]","[3, 2, 4, 4, 7, 6, 13, 7]",Fremantle,14,Regular season,05,06,2022,17:20:00,08,19,3.0,11.0,8.0,0.0,3.0,874,664,107.0,33.0,3.0,0.0,2.0,5.0,0.0,1.0,1W,32.0,131.63,1.0,W,2.0,11.0,9.0,0.0,2.0,1175,841,156.0,70.0,5.0,0.0,0.0,4.0,0.0,2.0,1W,36.0,139.71,1.0,W,1
96,105,2022-06-09 19:20:00,13,1,M.C.G.,Richmond,Port Adelaide,77,65,"[5, 2, 6, 4, 8, 5, 11, 11]","[2, 1, 5, 2, 8, 4, 10, 5]",Richmond,12,Regular season,09,06,2022,19:20:00,14,13,10.0,11.0,6.0,0.0,5.0,1079,919,165.0,54.0,4.0,0.0,1.0,2.0,0.0,4.0,1L,24.0,117.41,-1.0,L,12.0,11.0,5.0,0.0,6.0,818,780,117.0,36.0,3.0,0.0,2.0,2.0,0.0,4.0,1W,20.0,104.87,1.0,W,1
97,106,2022-06-10 19:50:00,13,2,M.C.G.,Essendon,Carlton,54,80,"[3, 2, 5, 4, 7, 8, 7, 12]","[4, 1, 9, 4, 12, 6, 12, 8]",Carlton,26,Regular season,10,06,2022,19:50:00,05,03,16.0,11.0,2.0,0.0,9.0,785,1068,108.0,47.0,2.0,0.0,3.0,0.0,0.0,6.0,3L,8.0,73.5,-3.0,L,7.0,11.0,8.0,0.0,3.0,1007,892,116.0,62.0,6.0,0.0,0.0,2.0,0.0,3.0,1L,32.0,112.89,-1.0,L,0
98,107,2022-06-11 16:10:00,13,3,Perth Stadium,Fremantle,Hawthorn,95,82,"[4, 3, 6, 6, 12, 9, 14, 11]","[5, 0, 8, 4, 10, 7, 12, 10]",Fremantle,13,Regular season,11,06,2022,16:10:00,08,10,3.0,12.0,9.0,0.0,3.0,973,749,107.0,33.0,4.0,0.0,2.0,5.0,0.0,1.0,2W,36.0,129.91,2.0,W,13.0,12.0,4.0,0.0,8.0,999,1140,120.0,54.0,3.0,0.0,4.0,1.0,0.0,4.0,2L,16.0,87.63,-2.0,L,1
99,108,2022-06-11 19:25:00,13,4,Gabba,Brisbane Lions,St Kilda,78,57,"[2, 4, 3, 6, 7, 10, 10, 18]","[2, 1, 5, 6, 7, 7, 8, 9]",Brisbane Lions,21,Regular season,11,06,2022,19:25:00,19,15,2.0,12.0,9.0,0.0,3.0,1260,940,156.0,70.0,5.0,0.0,0.0,4.0,0.0,3.0,1L,36.0,134.04,-1.0,L,5.0,11.0,8.0,0.0,3.0,953,770,142.0,42.0,4.0,0.0,2.0,4.0,0.0,1.0,3W,32.0,123.77,3.0,W,1
100,109,2022-06-12 15:20:00,13,5,Docklands,North Melbourne,Greater Western Sydney,53,102,"[0, 3, 2, 5, 4, 7, 7, 11]","[5, 3, 10, 4, 12, 9, 15, 12]",Greater Western Sydney,49,Regular season,12,06,2022,15:20:00,12,21,17.0,12.0,1.0,0.0,11.0,671,1282,75.0,24.0,1.0,0.0,4.0,0.0,0.0,7.0,10L,4.0,52.34,-10.0,L,15.0,11.0,3.0,0.0,8.0,872,1006,138.0,35.0,2.0,0.0,4.0,1.0,0.0,4.0,1L,12.0,86.68,-1.0,L,0
101,110,2022-06-13 15:20:00,13,6,M.C.G.,Collingwood,Melbourne,82,56,"[0, 5, 3, 8, 6, 10, 12, 10]","[3, 1, 5, 4, 7, 6, 8, 8]",Collingwood,26,Regular season,13,06,2022,15:20:00,04,11,8.0,12.0,7.0,0.0,5.0,1034,1003,115.0,51.0,3.0,0.0,3.0,4.0,0.0,2.0,3W,28.0,103.09,3.0,W,1.0,12.0,10.0,0.0,2.0,1055,747,120.0,56.0,5.0,0.0,2.0,5.0,0.0,0.0,2L,40.0,141.23,-2.0,L,1
102,111,2022-06-16 19:20:00,14,1,M.C.G.,Richmond,Carlton,81,66,"[3, 2, 7, 6, 8, 10, 11, 15]","[0, 4, 3, 5, 6, 8, 9, 12]",Richmond,15,Regular season,16,06,2022,19:20:00,14,03,9.0,12.0,7.0,0.0,5.0,1156,984,165.0,54.0,5.0,0.0,1.0,2.0,0.0,4.0,1W,28.0,117.48,1.0,W,4.0,12.0,9.0,0.0,3.0,1087,946,116.0,62.0,6.0,0.0,0.0,3.0,0.0,3.0,1W,36.0,114.9,1.0,W,1
103,112,2022-06-17 19:50:00,14,2,Docklands,St Kilda,Essendon,72,107,"[2, 1, 3, 3, 8, 4, 11, 6]","[4, 5, 7, 7, 13, 11, 15, 17]",Essendon,35,Regular season,17,06,2022,19:50:00,15,05,6.0,12.0,8.0,0.0,4.0,1010,848,142.0,42.0,4.0,0.0,2.0,4.0,0.0,2.0,1L,32.0,119.1,-1.0,L,16.0,12.0,2.0,0.0,10.0,839,1148,108.0,47.0,2.0,0.0,4.0,0.0,0.0,6.0,4L,8.0,73.08,-4.0,L,0
104,113,2022-06-18 13:45:00,14,3,Adelaide Oval,Port Adelaide,Sydney,82,59,"[4, 3, 6, 6, 12, 8, 12, 10]","[3, 1, 5, 8, 6, 10, 8, 11]",Port Adelaide,23,Regular season,18,06,2022,13:45:00,13,16,12.0,12.0,5.0,0.0,7.0,883,857,117.0,36.0,3.0,0.0,2.0,2.0,0.0,5.0,1L,20.0,103.03,-1.0,L,7.0,12.0,8.0,0.0,4.0,1116,939,121.0,60.0,4.0,0.0,2.0,4.0,0.0,2.0,2W,32.0,118.85,2.0,W,1
105,114,2022-06-18 16:35:00,14,4,Perth Stadium,West Coast,Geelong,63,81,"[2, 3, 6, 5, 8, 6, 9, 9]","[4, 4, 6, 5, 11, 6, 12, 9]",Geelong,18,Regular season,18,06,2022,16:35:00,18,09,18.0,12.0,1.0,0.0,11.0,691,1364,87.0,30.0,0.0,0.0,6.0,1.0,0.0,5.0,8L,4.0,50.66,-8.0,L,5.0,12.0,8.0,0.0,4.0,1096,859,138.0,66.0,4.0,0.0,1.0,4.0,0.0,3.0,3W,32.0,127.59,3.0,W,0
106,115,2022-06-18 19:25:00,14,5,Sydney Showground,Greater Western Sydney,Western Bulldogs,105,125,"[5, 4, 9, 7, 11, 8, 16, 9]","[6, 1, 10, 6, 16, 9, 19, 11]",Western Bulldogs,20,Regular season,18,06,2022,19:25:00,21,07,13.0,12.0,4.0,0.0,8.0,974,1059,138.0,35.0,2.0,0.0,4.0,2.0,0.0,4.0,1W,16.0,91.97,1.0,W,10.0,12.0,6.0,0.0,6.0,1102,930,161.0,61.0,3.0,0.0,3.0,3.0,0.0,3.0,1L,24.0,118.49,-1.0,L,0
107,116,2022-06-19 15:20:00,14,6,Carrara,Gold Coast,Adelaide,116,73,"[1, 2, 7, 5, 10, 7, 18, 8]","[2, 2, 3, 6, 6, 11, 10, 13]",Gold Coast,43,Regular season,19,06,2022,15:20:00,20,01,11.0,12.0,6.0,0.0,6.0,1017,942,121.0,57.0,4.0,0.0,2.0,2.0,0.0,4.0,2W,24.0,107.96,2.0,W,15.0,12.0,4.0,0.0,8.0,899,1097,101.0,54.0,3.0,0.0,4.0,1.0,0.0,4.0,1W,16.0,81.95,1.0,W,1
108,117,2022-06-23 19:20:00,15,1,M.C.G.,Melbourne,Brisbane Lions,117,53,"[2, 4, 8, 10, 11, 17, 16, 21]","[3, 4, 4, 4, 6, 7, 7, 11]",Melbourne,64,Regular season,23,06,2022,19:20:00,11,19,2.0,13.0,10.0,0.0,3.0,1111,829,120.0,56.0,5.0,0.0,2.0,5.0,0.0,1.0,3L,40.0,134.02,-3.0,L,1.0,13.0,10.0,0.0,3.0,1338,997,156.0,70.0,6.0,0.0,0.0,4.0,0.0,3.0,1W,40.0,134.2,1.0,W,1
109,118,2022-06-24 19:00:00,15,2,Docklands,Western Bulldogs,Hawthorn,125,83,"[1, 2, 6, 6, 12, 10, 19, 11]","[4, 3, 5, 7, 5, 11, 12, 11]",Western Bulldogs,42,Regular season,24,06,2022,19:00:00,07,10,10.0,13.0,7.0,0.0,6.0,1227,1035,161.0,61.0,3.0,0.0,3.0,4.0,0.0,3.0,1W,28.0,118.55,1.0,W,14.0,13.0,4.0,0.0,9.0,1081,1235,120.0,54.0,3.0,0.0,4.0,1.0,0.0,5.0,3L,16.0,87.53,-3.0,L,1
110,119,2022-06-24 20:40:00,15,3,Perth Stadium,West Coast,Essendon,107,97,"[3, 3, 9, 3, 13, 6, 16, 11]","[5, 5, 7, 10, 10, 13, 14, 13]",West Coast,10,Regular season,24,06,2022,20:40:00,18,05,18.0,13.0,1.0,0.0,12.0,754,1445,87.0,30.0,0.0,0.0,7.0,1.0,0.0,5.0,9L,4.0,52.18,-9.0,L,16.0,13.0,3.0,0.0,10.0,946,1220,108.0,47.0,2.0,0.0,4.0,1.0,0.0,6.0,1W,12.0,77.54,1.0,W,1
111,120,2022-06-25 13:45:00,15,4,Docklands,Carlton,Fremantle,81,50,"[1, 3, 6, 5, 9, 7, 12, 9]","[3, 0, 4, 2, 6, 5, 7, 8]",Carlton,31,Regular season,25,06,2022,13:45:00,03,08,5.0,13.0,9.0,0.0,4.0,1153,1027,116.0,62.0,6.0,0.0,0.0,3.0,0.0,4.0,1L,36.0,112.27,-1.0,L,3.0,13.0,10.0,0.0,3.0,1068,831,107.0,33.0,5.0,0.0,2.0,5.0,0.0,1.0,3W,40.0,128.52,3.0,W,1
112,121,2022-06-25 16:35:00,15,5,M.C.G.,Geelong,Richmond,89,86,"[5, 2, 8, 5, 9, 8, 13, 11]","[2, 0, 5, 3, 10, 7, 13, 8]",Geelong,3,Regular season,25,06,2022,16:35:00,09,14,4.0,13.0,9.0,0.0,4.0,1177,922,138.0,66.0,4.0,0.0,1.0,5.0,0.0,3.0,4W,36.0,127.66,4.0,W,6.0,13.0,8.0,0.0,5.0,1237,1050,165.0,54.0,6.0,0.0,1.0,2.0,0.0,4.0,2W,32.0,117.81,2.0,W,1
113,122,2022-06-25 19:25:00,15,6,S.C.G.,Sydney,St Kilda,83,32,"[3, 1, 4, 6, 9, 10, 12, 11]","[1, 2, 2, 2, 2, 6, 4, 8]",Sydney,51,Regular season,25,06,2022,19:25:00,16,15,7.0,13.0,8.0,0.0,5.0,1175,1021,121.0,59.0,4.0,0.0,2.0,4.0,0.0,3.0,1L,32.0,115.08,-1.0,L,8.0,13.0,8.0,0.0,5.0,1082,955,142.0,42.0,4.0,0.0,3.0,4.0,0.0,2.0,2L,32.0,113.3,-2.0,L,1
114,123,2022-06-26 13:10:00,15,7,Bellerive Oval,North Melbourne,Adelaide,58,115,"[4, 0, 4, 4, 6, 8, 8, 10]","[5, 3, 7, 6, 11, 9, 17, 13]",Adelaide,57,Regular season,26,06,2022,13:10:00,12,01,17.0,13.0,1.0,0.0,12.0,724,1384,75.0,24.0,1.0,0.0,5.0,0.0,0.0,7.0,11L,4.0,52.31,-11.0,L,15.0,13.0,4.0,0.0,9.0,972,1213,101.0,54.0,3.0,0.0,4.0,1.0,0.0,5.0,1L,16.0,80.13,-1.0,L,0
115,124,2022-06-26 15:20:00,15,8,M.C.G.,Collingwood,Greater Western Sydney,88,77,"[3, 4, 5, 9, 9, 17, 11, 22]","[2, 4, 2, 4, 5, 4, 12, 5]",Collingwood,11,Regular season,26,06,2022,15:20:00,04,21,9.0,13.0,8.0,0.0,5.0,1116,1059,115.0,51.0,4.0,0.0,3.0,4.0,0.0,2.0,4W,32.0,105.38,4.0,W,13.0,13.0,4.0,0.0,9.0,1079,1184,138.0,35.0,2.0,0.0,5.0,2.0,0.0,4.0,1L,16.0,91.13,-1.0,L,1
116,125,2022-06-26 16:10:00,15,9,Adelaide Oval,Port Adelaide,Gold Coast,93,91,"[5, 4, 6, 8, 12, 11, 13, 15]","[2, 4, 5, 9, 10, 10, 13, 13]",Port Adelaide,2,Regular season,26,06,2022,16:10:00,13,20,12.0,13.0,6.0,0.0,7.0,965,916,117.0,36.0,4.0,0.0,2.0,2.0,0.0,5.0,1W,24.0,105.35,1.0,W,11.0,13.0,7.0,0.0,6.0,1133,1015,121.0,57.0,5.0,0.0,2.0,2.0,0.0,4.0,3W,28.0,111.63,3.0,W,1
117,126,2022-06-30 19:20:00,16,1,Gabba,Brisbane Lions,Western Bulldogs,108,67,"[1, 5, 6, 9, 12, 11, 16, 12]","[2, 5, 5, 7, 7, 9, 9, 13]",Brisbane Lions,41,Regular season,30,06,2022,19:20:00,19,07,3.0,14.0,10.0,0.0,4.0,1391,1114,156.0,53.0,6.0,0.0,0.0,4.0,0.0,4.0,1L,40.0,124.87,-1.0,L,8.0,14.0,8.0,0.0,6.0,1352,1118,161.0,61.0,4.0,0.0,3.0,4.0,0.0,3.0,2W,32.0,120.93,2.0,W,1
118,127,2022-07-01 19:50:00,16,2,Docklands,Carlton,St Kilda,78,93,"[2, 4, 6, 7, 7, 13, 10, 18]","[3, 6, 7, 6, 10, 7, 14, 9]",St Kilda,15,Regular season,01,07,2022,19:50:00,03,15,5.0,14.0,10.0,0.0,4.0,1234,1077,116.0,62.0,7.0,0.0,0.0,3.0,0.0,4.0,1W,40.0,114.58,1.0,W,10.0,14.0,8.0,0.0,6.0,1114,1038,142.0,32.0,4.0,0.0,3.0,4.0,0.0,3.0,3L,32.0,107.32,-3.0,L,0
119,128,2022-07-02 13:45:00,16,3,M.C.G.,Essendon,Sydney,95,86,"[2, 2, 7, 2, 9, 3, 15, 5]","[5, 2, 7, 6, 9, 14, 12, 14]",Essendon,9,Regular season,02,07,2022,13:45:00,05,16,16.0,14.0,3.0,0.0,11.0,1043,1327,108.0,47.0,2.0,0.0,4.0,1.0,0.0,7.0,1L,12.0,78.6,-1.0,L,6.0,14.0,9.0,0.0,5.0,1258,1053,121.0,59.0,5.0,0.0,2.0,4.0,0.0,3.0,1W,36.0,119.47,1.0,W,1
120,129,2022-07-02 16:35:00,16,4,Adelaide Oval,Adelaide,Melbourne,65,94,"[4, 0, 6, 2, 7, 4, 10, 5]","[5, 1, 6, 3, 9, 9, 14, 10]",Melbourne,29,Regular season,02,07,2022,16:35:00,01,11,13.0,14.0,5.0,0.0,9.0,1087,1271,115.0,54.0,3.0,0.0,4.0,2.0,0.0,5.0,1W,20.0,85.52,1.0,W,1.0,14.0,11.0,0.0,3.0,1228,882,120.0,56.0,6.0,0.0,2.0,5.0,0.0,1.0,1W,44.0,139.23,1.0,W,0
121,130,2022-07-02 19:25:00,16,5,Carrara,Gold Coast,Collingwood,62,67,"[3, 4, 5, 6, 6, 11, 8, 14]","[3, 4, 6, 9, 6, 10, 9, 13]",Collingwood,5,Regular season,02,07,2022,19:25:00,20,04,11.0,14.0,7.0,0.0,7.0,1224,1108,121.0,57.0,5.0,0.0,2.0,2.0,0.0,5.0,1L,28.0,110.47,-1.0,L,7.0,14.0,9.0,0.0,5.0,1204,1136,115.0,51.0,5.0,0.0,3.0,4.0,0.0,2.0,5W,36.0,105.99,5.0,W,0
122,131,2022-07-02 19:25:00,16,6,Kardinia Park,Geelong,North Melbourne,144,32,"[3, 5, 8, 8, 15, 12, 21, 18]","[3, 1, 4, 1, 5, 1, 5, 2]",Geelong,112,Regular season,02,07,2022,19:25:00,09,12,2.0,14.0,10.0,0.0,4.0,1266,1008,138.0,66.0,5.0,0.0,1.0,5.0,0.0,3.0,5W,40.0,125.6,5.0,W,18.0,14.0,1.0,0.0,13.0,782,1499,75.0,24.0,1.0,0.0,6.0,0.0,0.0,7.0,12L,4.0,52.17,-12.0,L,1
123,132,2022-07-03 14:10:00,16,7,M.C.G.,Richmond,West Coast,128,93,"[4, 2, 11, 4, 15, 5, 20, 8]","[2, 4, 5, 6, 11, 11, 13, 15]",Richmond,35,Regular season,03,07,2022,14:10:00,14,18,9.0,14.0,8.0,0.0,6.0,1323,1139,165.0,54.0,6.0,0.0,1.0,2.0,0.0,5.0,1L,32.0,116.15,-1.0,L,17.0,14.0,2.0,0.0,12.0,861,1542,107.0,30.0,1.0,0.0,7.0,1.0,0.0,5.0,1W,8.0,55.84,1.0,W,1
124,133,2022-07-03 15:20:00,16,8,Sydney Showground,Greater Western Sydney,Hawthorn,72,50,"[3, 1, 6, 2, 9, 2, 11, 6]","[4, 1, 4, 6, 6, 7, 7, 8]",Greater Western Sydney,22,Regular season,03,07,2022,15:20:00,21,10,14.0,14.0,4.0,0.0,10.0,1156,1272,138.0,35.0,2.0,0.0,5.0,2.0,0.0,5.0,2L,16.0,90.88,-2.0,L,15.0,14.0,4.0,0.0,10.0,1164,1360,120.0,54.0,3.0,0.0,4.0,1.0,0.0,6.0,4L,16.0,85.59,-4.0,L,1
125,134,2022-07-03 17:20:00,16,9,Perth Stadium,Fremantle,Port Adelaide,99,91,"[4, 2, 10, 4, 14, 8, 15, 9]","[4, 2, 6, 3, 9, 4, 14, 7]",Fremantle,8,Regular season,03,07,2022,17:20:00,08,13,4.0,14.0,10.0,0.0,4.0,1118,912,107.0,33.0,5.0,0.0,2.0,5.0,0.0,2.0,1L,40.0,122.59,-1.0,L,12.0,14.0,7.0,0.0,7.0,1058,1007,117.0,36.0,5.0,0.0,2.0,2.0,0.0,5.0,2W,28.0,105.06,2.0,W,1
126,135,2022-07-07 19:20:00,17,1,Kardinia Park,Geelong,Melbourne,91,63,"[3, 3, 5, 8, 8, 12, 12, 19]","[3, 1, 5, 4, 7, 6, 9, 9]",Geelong,28,Regular season,07,07,2022,19:20:00,09,11,2.0,15.0,11.0,0.0,4.0,1410,1040,144.0,66.0,6.0,0.0,1.0,5.0,0.0,3.0,6W,44.0,135.58,6.0,W,1.0,15.0,12.0,0.0,3.0,1322,947,120.0,56.0,6.0,0.0,2.0,6.0,0.0,1.0,2W,48.0,139.6,2.0,W,1
127,136,2022-07-08 19:50:00,17,2,S.C.G.,Sydney,Western Bulldogs,120,67,"[7, 8, 9, 11, 15, 15, 17, 18]","[2, 1, 5, 6, 8, 8, 9, 13]",Sydney,53,Regular season,08,07,2022,19:50:00,16,07,8.0,15.0,9.0,0.0,6.0,1344,1148,121.0,59.0,5.0,0.0,2.0,4.0,0.0,4.0,1L,36.0,117.07,-1.0,L,10.0,15.0,8.0,0.0,7.0,1419,1226,161.0,61.0,4.0,0.0,3.0,4.0,0.0,4.0,1L,32.0,115.74,-1.0,L,1
128,137,2022-07-09 13:45:00,17,3,M.C.G.,Collingwood,North Melbourne,88,81,"[4, 2, 5, 2, 8, 5, 13, 10]","[4, 2, 8, 4, 12, 7, 12, 9]",Collingwood,7,Regular season,09,07,2022,13:45:00,04,12,6.0,15.0,10.0,0.0,5.0,1271,1198,115.0,51.0,5.0,0.0,3.0,5.0,0.0,2.0,6W,40.0,106.09,6.0,W,18.0,15.0,1.0,0.0,14.0,814,1643,75.0,24.0,1.0,0.0,6.0,0.0,0.0,8.0,13L,4.0,49.54,-13.0,L,1
129,138,2022-07-09 16:35:00,17,4,Carrara,Gold Coast,Richmond,94,92,"[3, 3, 4, 4, 8, 7, 14, 10]","[5, 3, 9, 8, 12, 11, 13, 14]",Gold Coast,2,Regular season,09,07,2022,16:35:00,20,14,11.0,15.0,7.0,0.0,8.0,1286,1175,121.0,57.0,5.0,0.0,3.0,2.0,0.0,5.0,2L,28.0,109.45,-2.0,L,7.0,15.0,9.0,0.0,6.0,1451,1232,165.0,54.0,7.0,0.0,1.0,2.0,0.0,5.0,1W,36.0,117.78,1.0,W,1
130,139,2022-07-09 19:25:00,17,5,Docklands,St Kilda,Fremantle,70,111,"[4, 4, 7, 6, 9, 8, 10, 10]","[4, 3, 6, 4, 13, 8, 17, 9]",Fremantle,41,Regular season,09,07,2022,19:25:00,15,08,9.0,15.0,9.0,0.0,6.0,1207,1116,142.0,32.0,4.0,0.0,3.0,5.0,0.0,3.0,1W,36.0,108.15,1.0,W,4.0,15.0,11.0,0.0,4.0,1217,1003,107.0,33.0,6.0,0.0,2.0,5.0,0.0,2.0,1W,44.0,121.34,1.0,W,0
131,140,2022-07-09 19:30:00,17,6,Adelaide Oval,Port Adelaide,Greater Western Sydney,84,29,"[4, 2, 8, 6, 9, 9, 12, 12]","[1, 4, 2, 4, 3, 9, 3, 11]",Port Adelaide,55,Regular season,09,07,2022,19:30:00,13,21,12.0,15.0,7.0,0.0,8.0,1149,1106,117.0,36.0,5.0,0.0,2.0,2.0,0.0,6.0,1L,28.0,103.89,-1.0,L,13.0,15.0,5.0,0.0,10.0,1228,1322,138.0,35.0,3.0,0.0,5.0,2.0,0.0,5.0,1W,20.0,92.89,1.0,W,1
132,141,2022-07-10 13:10:00,17,7,Gabba,Brisbane Lions,Essendon,90,100,"[2, 3, 4, 8, 9, 9, 13, 12]","[2, 3, 7, 6, 11, 9, 15, 10]",Essendon,10,Regular season,10,07,2022,13:10:00,19,05,3.0,15.0,11.0,0.0,4.0,1499,1181,156.0,53.0,7.0,0.0,0.0,4.0,0.0,4.0,1W,44.0,126.93,1.0,W,16.0,15.0,4.0,0.0,11.0,1138,1413,108.0,47.0,3.0,0.0,4.0,1.0,0.0,7.0,1W,16.0,80.54,1.0,W,0
133,142,2022-07-10 15:20:00,17,8,Docklands,Hawthorn,Adelaide,86,54,"[6, 3, 9, 4, 9, 7, 13, 8]","[1, 2, 3, 2, 5, 5, 8, 6]",Hawthorn,32,Regular season,10,07,2022,15:20:00,10,01,15.0,15.0,4.0,0.0,11.0,1214,1432,120.0,50.0,3.0,0.0,4.0,1.0,0.0,7.0,5L,16.0,84.78,-5.0,L,14.0,15.0,5.0,0.0,10.0,1152,1365,115.0,54.0,3.0,0.0,5.0,2.0,0.0,5.0,1L,20.0,84.4,-1.0,L,1
134,143,2022-07-10 16:40:00,17,9,Perth Stadium,West Coast,Carlton,53,116,"[0, 0, 7, 3, 8, 5, 8, 5]","[5, 4, 8, 7, 10, 10, 17, 14]",Carlton,63,Regular season,10,07,2022,16:40:00,18,03,17.0,15.0,2.0,0.0,13.0,954,1670,107.0,30.0,1.0,0.0,7.0,1.0,0.0,6.0,1L,8.0,57.13,-1.0,L,5.0,15.0,10.0,0.0,5.0,1312,1170,116.0,62.0,7.0,0.0,1.0,3.0,0.0,4.0,1L,40.0,112.14,-1.0,L,0
135,144,2022-07-15 19:50:00,18,1,Docklands,Western Bulldogs,St Kilda,84,56,"[5, 2, 8, 4, 12, 5, 13, 6]","[0, 2, 2, 4, 3, 9, 7, 14]",Western Bulldogs,28,Regular season,15,07,2022,19:50:00,07,15,10.0,16.0,8.0,0.0,8.0,1486,1346,161.0,61.0,4.0,0.0,3.0,4.0,0.0,5.0,2L,32.0,110.4,-2.0,L,9.0,16.0,9.0,0.0,7.0,1277,1227,142.0,32.0,4.0,0.0,4.0,5.0,0.0,3.0,1L,36.0,104.07,-1.0,L,1
136,145,2022-07-16 13:45:00,18,2,Adelaide Oval,Adelaide,Collingwood,86,91,"[3, 2, 7, 6, 10, 8, 13, 8]","[4, 1, 6, 3, 10, 5, 14, 7]",Collingwood,5,Regular season,16,07,2022,13:45:00,01,04,15.0,16.0,5.0,0.0,11.0,1206,1451,115.0,54.0,3.0,0.0,5.0,2.0,0.0,6.0,2L,20.0,83.12,-2.0,L,6.0,16.0,11.0,0.0,5.0,1359,1279,115.0,51.0,6.0,0.0,3.0,5.0,0.0,2.0,7W,44.0,106.25,7.0,W,0
137,146,2022-07-16 13:45:00,18,3,Manuka Oval,Greater Western Sydney,Brisbane Lions,59,99,"[1, 1, 5, 2, 6, 2, 9, 5]","[4, 1, 6, 3, 11, 8, 15, 9]",Brisbane Lions,40,Regular season,16,07,2022,13:45:00,21,19,13.0,16.0,5.0,0.0,11.0,1257,1406,138.0,29.0,3.0,0.0,5.0,2.0,0.0,6.0,1L,20.0,89.4,-1.0,L,4.0,16.0,11.0,0.0,5.0,1589,1281,156.0,53.0,7.0,0.0,1.0,4.0,0.0,4.0,1L,44.0,124.04,-1.0,L,0
138,147,2022-07-16 16:35:00,18,4,Docklands,North Melbourne,Richmond,92,88,"[4, 0, 10, 2, 12, 2, 14, 8]","[2, 5, 3, 12, 8, 16, 11, 22]",North Melbourne,4,Regular season,16,07,2022,16:35:00,12,14,18.0,16.0,1.0,0.0,15.0,895,1731,81.0,24.0,1.0,0.0,6.0,0.0,0.0,9.0,14L,4.0,51.7,-14.0,L,8.0,16.0,9.0,0.0,7.0,1543,1326,165.0,54.0,7.0,0.0,1.0,2.0,0.0,6.0,1L,36.0,116.37,-1.0,L,1
139,148,2022-07-16 19:25:00,18,5,M.C.G.,Carlton,Geelong,55,85,"[4, 1, 5, 1, 6, 3, 8, 7]","[3, 4, 7, 6, 10, 8, 12, 13]",Geelong,30,Regular season,16,07,2022,19:25:00,03,09,5.0,16.0,11.0,0.0,5.0,1428,1223,116.0,62.0,7.0,0.0,1.0,4.0,0.0,4.0,1W,44.0,116.76,1.0,W,1.0,16.0,12.0,0.0,4.0,1501,1103,144.0,66.0,7.0,0.0,1.0,5.0,0.0,3.0,7W,48.0,136.08,7.0,W,0
140,149,2022-07-16 19:30:00,18,6,Perth Stadium,Fremantle,Sydney,65,82,"[3, 3, 6, 5, 6, 9, 9, 11]","[1, 1, 3, 8, 6, 12, 11, 16]",Sydney,17,Regular season,16,07,2022,19:30:00,08,16,3.0,16.0,12.0,0.0,4.0,1328,1073,111.0,33.0,6.0,0.0,2.0,6.0,0.0,2.0,2W,48.0,123.77,2.0,W,7.0,16.0,10.0,0.0,6.0,1464,1215,121.0,59.0,6.0,0.0,2.0,4.0,0.0,4.0,1W,40.0,120.49,1.0,W,0
141,150,2022-07-17 13:10:00,18,7,M.C.G.,Hawthorn,West Coast,102,77,"[2, 3, 9, 3, 11, 7, 15, 12]","[4, 2, 7, 3, 9, 5, 12, 5]",Hawthorn,25,Regular season,17,07,2022,13:10:00,10,18,14.0,16.0,5.0,0.0,11.0,1300,1486,120.0,50.0,4.0,0.0,4.0,1.0,0.0,7.0,1W,20.0,87.48,1.0,W,17.0,16.0,2.0,0.0,14.0,1007,1786,107.0,30.0,1.0,0.0,8.0,1.0,0.0,6.0,2L,8.0,56.38,-2.0,L,1
142,151,2022-07-17 15:20:00,18,8,Traeger Park,Melbourne,Port Adelaide,83,69,"[0, 4, 5, 7, 8, 10, 12, 11]","[2, 1, 5, 3, 7, 6, 10, 9]",Melbourne,14,Regular season,17,07,2022,15:20:00,11,13,2.0,16.0,12.0,0.0,4.0,1385,1038,120.0,56.0,6.0,0.0,2.0,6.0,0.0,2.0,1L,48.0,133.43,-1.0,L,12.0,16.0,8.0,0.0,8.0,1233,1135,117.0,36.0,6.0,0.0,2.0,2.0,0.0,6.0,1W,32.0,108.63,1.0,W,1
143,152,2022-07-17 16:40:00,18,9,Docklands,Essendon,Gold Coast,103,55,"[4, 4, 9, 10, 11, 16, 14, 19]","[4, 1, 5, 4, 5, 6, 8, 7]",Essendon,48,Regular season,17,07,2022,16:40:00,05,20,16.0,16.0,5.0,0.0,11.0,1238,1503,108.0,47.0,3.0,0.0,4.0,2.0,0.0,7.0,2W,20.0,82.37,2.0,W,11.0,16.0,8.0,0.0,8.0,1380,1267,121.0,57.0,6.0,0.0,3.0,2.0,0.0,5.0,1W,32.0,108.92,1.0,W,1
144,153,2022-07-22 19:50:00,19,1,Docklands,Richmond,Fremantle,52,52,"[3, 5, 5, 8, 6, 10, 7, 10]","[3, 3, 5, 5, 5, 9, 7, 10]",,0,Regular season,22,07,2022,19:50:00,14,08,8.0,17.0,9.0,0.0,8.0,1631,1418,165.0,54.0,7.0,0.0,1.0,2.0,0.0,7.0,2L,36.0,115.02,-2.0,L,4.0,17.0,12.0,0.0,5.0,1393,1155,111.0,33.0,6.0,0.0,3.0,6.0,0.0,2.0,1L,48.0,120.61,-1.0,L,0
145,154,2022-07-23 13:45:00,19,2,S.C.G.,Sydney,Adelaide,118,85,"[9, 3, 11, 7, 13, 14, 17, 16]","[2, 3, 6, 5, 9, 10, 12, 13]",Sydney,33,Regular season,23,07,2022,13:45:00,16,01,6.0,17.0,11.0,0.0,6.0,1546,1280,121.0,59.0,6.0,0.0,2.0,5.0,0.0,4.0,2W,44.0,120.78,2.0,W,16.0,17.0,5.0,0.0,12.0,1292,1542,115.0,54.0,3.0,0.0,6.0,2.0,0.0,6.0,3L,20.0,83.79,-3.0,L,1
146,155,2022-07-23 13:45:00,19,3,Bellerive Oval,North Melbourne,Hawthorn,75,121,"[0, 3, 2, 5, 4, 8, 11, 9]","[8, 1, 9, 4, 14, 5, 19, 7]",Hawthorn,46,Regular season,23,07,2022,13:45:00,12,10,18.0,17.0,2.0,0.0,15.0,987,1819,92.0,24.0,2.0,0.0,6.0,0.0,0.0,9.0,1W,8.0,54.26,1.0,W,13.0,17.0,6.0,0.0,11.0,1402,1563,120.0,50.0,5.0,0.0,4.0,1.0,0.0,7.0,2W,24.0,89.7,2.0,W,0
147,156,2022-07-23 16:35:00,19,4,Adelaide Oval,Port Adelaide,Geelong,94,106,"[4, 3, 5, 5, 13, 7, 14, 10]","[5, 1, 11, 3, 12, 6, 16, 10]",Geelong,12,Regular season,23,07,2022,16:35:00,13,09,11.0,17.0,8.0,0.0,9.0,1302,1218,117.0,36.0,6.0,0.0,2.0,2.0,0.0,7.0,1L,32.0,106.9,-1.0,L,1.0,17.0,13.0,0.0,4.0,1586,1158,144.0,66.0,7.0,0.0,1.0,6.0,0.0,3.0,8W,52.0,136.96,8.0,W,0
148,157,2022-07-23 19:10:00,19,5,Gabba,Brisbane Lions,Gold Coast,110,93,"[4, 3, 6, 9, 11, 11, 16, 14]","[3, 1, 8, 3, 13, 6, 14, 9]",Brisbane Lions,17,Regular season,23,07,2022,19:10:00,19,20,3.0,17.0,12.0,0.0,5.0,1688,1340,156.0,53.0,7.0,0.0,1.0,5.0,0.0,4.0,1W,48.0,125.97,1.0,W,12.0,17.0,8.0,0.0,9.0,1435,1370,121.0,55.0,6.0,0.0,3.0,2.0,0.0,6.0,1L,32.0,104.74,-1.0,L,1
149,158,2022-07-23 19:25:00,19,6,Docklands,Western Bulldogs,Melbourne,110,100,"[4, 0, 9, 2, 12, 6, 17, 8]","[6, 3, 11, 5, 14, 7, 15, 10]",Western Bulldogs,10,Regular season,23,07,2022,19:25:00,07,11,9.0,17.0,9.0,0.0,8.0,1570,1402,161.0,61.0,5.0,0.0,3.0,4.0,0.0,5.0,1W,36.0,111.98,1.0,W,2.0,17.0,13.0,0.0,4.0,1468,1107,120.0,56.0,7.0,0.0,2.0,6.0,0.0,2.0,1W,52.0,132.61,1.0,W,1
150,159,2022-07-24 13:10:00,19,7,Docklands,Carlton,Greater Western Sydney,90,54,"[3, 4, 5, 6, 9, 8, 13, 12]","[2, 0, 5, 3, 7, 3, 8, 6]",Carlton,36,Regular season,24,07,2022,13:10:00,03,21,7.0,17.0,11.0,0.0,6.0,1483,1308,116.0,55.0,7.0,0.0,2.0,4.0,0.0,4.0,1L,44.0,113.38,-1.0,L,15.0,17.0,5.0,0.0,12.0,1316,1505,138.0,29.0,3.0,0.0,6.0,2.0,0.0,6.0,2L,20.0,87.44,-2.0,L,1
151,160,2022-07-24 15:20:00,19,8,M.C.G.,Collingwood,Essendon,80,76,"[6, 2, 7, 4, 8, 5, 12, 8]","[0, 1, 5, 3, 10, 7, 11, 10]",Collingwood,4,Regular season,24,07,2022,15:20:00,04,05,5.0,17.0,12.0,0.0,5.0,1450,1365,115.0,51.0,6.0,0.0,3.0,6.0,0.0,2.0,8W,48.0,106.23,8.0,W,14.0,17.0,6.0,0.0,11.0,1341,1558,108.0,47.0,4.0,0.0,4.0,2.0,0.0,7.0,3W,24.0,86.07,3.0,W,1
152,161,2022-07-24 16:40:00,19,9,Perth Stadium,West Coast,St Kilda,62,90,"[3, 1, 7, 1, 9, 2, 10, 2]","[2, 2, 9, 5, 10, 5, 14, 6]",St Kilda,28,Regular season,24,07,2022,16:40:00,18,15,17.0,17.0,2.0,0.0,15.0,1084,1888,107.0,30.0,1.0,0.0,8.0,1.0,0.0,7.0,3L,8.0,57.42,-3.0,L,10.0,17.0,9.0,0.0,8.0,1333,1311,142.0,32.0,4.0,0.0,4.0,5.0,0.0,4.0,2L,36.0,101.68,-2.0,L,0
153,162,2022-07-29 20:10:00,20,1,Perth Stadium,Fremantle,Melbourne,39,85,"[2, 2, 3, 4, 4, 5, 5, 9]","[4, 3, 7, 7, 10, 11, 12, 13]",Melbourne,46,Regular season,29,07,2022,20:10:00,08,11,5.0,18.0,12.0,1.0,5.0,1445,1207,111.0,33.0,6.0,0.0,3.0,6.0,1.0,2.0,1D,50.0,119.72,0.0,D,2.0,18.0,13.0,0.0,5.0,1568,1217,120.0,56.0,7.0,0.0,2.0,6.0,0.0,3.0,1L,52.0,128.84,-1.0,L,0
154,163,2022-07-30 13:45:00,20,2,M.C.G.,Collingwood,Port Adelaide,88,82,"[4, 3, 7, 5, 11, 8, 13, 10]","[6, 3, 6, 6, 8, 9, 12, 10]",Collingwood,6,Regular season,30,07,2022,13:45:00,04,13,4.0,18.0,13.0,0.0,5.0,1530,1441,115.0,51.0,7.0,0.0,3.0,6.0,0.0,2.0,9W,52.0,106.18,9.0,W,11.0,18.0,8.0,0.0,10.0,1396,1324,117.0,36.0,6.0,0.0,3.0,2.0,0.0,7.0,2L,32.0,105.44,-2.0,L,1
155,164,2022-07-30 14:10:00,20,3,S.C.G.,Sydney,Greater Western Sydney,112,39,"[6, 2, 9, 6, 13, 8, 17, 10]","[3, 1, 3, 5, 5, 6, 5, 9]",Sydney,73,Regular season,30,07,2022,14:10:00,16,21,6.0,18.0,12.0,0.0,6.0,1664,1365,121.0,59.0,7.0,0.0,2.0,5.0,0.0,4.0,3W,48.0,121.9,3.0,W,15.0,18.0,5.0,0.0,13.0,1370,1595,138.0,29.0,3.0,0.0,6.0,2.0,0.0,7.0,3L,20.0,85.89,-3.0,L,1
156,165,2022-07-30 16:35:00,20,4,Docklands,St Kilda,Hawthorn,75,63,"[2, 2, 5, 7, 9, 10, 10, 15]","[1, 2, 1, 5, 4, 6, 9, 9]",St Kilda,12,Regular season,30,07,2022,16:35:00,15,10,9.0,18.0,10.0,0.0,8.0,1423,1373,142.0,32.0,4.0,0.0,4.0,6.0,0.0,4.0,1W,40.0,103.64,1.0,W,13.0,18.0,7.0,0.0,11.0,1523,1638,121.0,50.0,5.0,0.0,4.0,2.0,0.0,7.0,3W,28.0,92.98,3.0,W,1
157,166,2022-07-30 19:25:00,20,5,Kardinia Park,Geelong,Western Bulldogs,94,66,"[1, 2, 4, 6, 12, 8, 14, 10]","[4, 3, 6, 5, 6, 8, 9, 12]",Geelong,28,Regular season,30,07,2022,19:25:00,09,07,1.0,18.0,14.0,0.0,4.0,1692,1252,144.0,66.0,7.0,0.0,1.0,7.0,0.0,3.0,9W,56.0,135.14,9.0,W,8.0,18.0,10.0,0.0,8.0,1680,1502,161.0,61.0,6.0,0.0,3.0,4.0,0.0,5.0,2W,40.0,111.85,2.0,W,1
158,167,2022-07-30 19:30:00,20,6,Adelaide Oval,Adelaide,Carlton,84,55,"[2, 4, 5, 6, 8, 9, 12, 12]","[3, 1, 5, 2, 6, 6, 8, 7]",Adelaide,29,Regular season,30,07,2022,19:30:00,01,03,16.0,18.0,5.0,0.0,13.0,1377,1660,115.0,54.0,3.0,0.0,6.0,2.0,0.0,7.0,4L,20.0,82.95,-4.0,L,7.0,18.0,12.0,0.0,6.0,1573,1362,116.0,55.0,8.0,0.0,2.0,4.0,0.0,4.0,1W,48.0,115.49,1.0,W,1
159,168,2022-07-31 13:10:00,20,7,Carrara,Gold Coast,West Coast,107,104,"[5, 1, 10, 5, 13, 8, 16, 11]","[2, 4, 5, 5, 9, 7, 16, 8]",Gold Coast,3,Regular season,31,07,2022,13:10:00,20,18,12.0,18.0,8.0,0.0,10.0,1528,1480,121.0,55.0,6.0,0.0,3.0,2.0,0.0,7.0,2L,32.0,103.24,-2.0,L,17.0,18.0,2.0,0.0,16.0,1146,1978,107.0,30.0,1.0,0.0,9.0,1.0,0.0,7.0,4L,8.0,57.94,-4.0,L,1
160,169,2022-07-31 15:20:00,20,8,M.C.G.,Richmond,Brisbane Lions,104,97,"[2, 3, 5, 6, 11, 10, 15, 14]","[7, 2, 11, 6, 13, 9, 14, 13]",Richmond,7,Regular season,31,07,2022,15:20:00,14,19,10.0,18.0,9.0,1.0,8.0,1683,1470,165.0,52.0,7.0,1.0,1.0,2.0,0.0,7.0,1D,38.0,114.49,0.0,D,3.0,18.0,13.0,0.0,5.0,1798,1433,156.0,53.0,8.0,0.0,1.0,5.0,0.0,4.0,2W,52.0,125.47,2.0,W,1
161,170,2022-07-31 16:40:00,20,9,Docklands,Essendon,North Melbourne,114,66,"[5, 1, 9, 5, 13, 6, 17, 12]","[2, 4, 5, 6, 7, 9, 9, 12]",Essendon,48,Regular season,31,07,2022,16:40:00,05,12,14.0,18.0,6.0,0.0,12.0,1417,1638,108.0,47.0,4.0,0.0,4.0,2.0,0.0,8.0,1L,24.0,86.51,-1.0,L,18.0,18.0,2.0,0.0,16.0,1062,1940,92.0,24.0,2.0,0.0,7.0,0.0,0.0,9.0,1L,8.0,54.74,-1.0,L,1
162,171,2022-08-05 19:50:00,21,1,M.C.G.,Melbourne,Collingwood,89,96,"[6, 2, 10, 7, 11, 11, 13, 11]","[5, 0, 8, 2, 11, 4, 15, 6]",Collingwood,7,Regular season,05,08,2022,19:50:00,11,04,2.0,19.0,14.0,0.0,5.0,1653,1256,120.0,56.0,7.0,0.0,2.0,7.0,0.0,3.0,1W,56.0,131.61,1.0,W,3.0,19.0,14.0,0.0,5.0,1618,1523,115.0,51.0,8.0,0.0,3.0,6.0,0.0,2.0,10W,56.0,106.24,10.0,W,0
163,172,2022-08-06 13:45:00,21,2,York Park,Hawthorn,Gold Coast,70,63,"[3, 5, 8, 8, 10, 9, 10, 10]","[2, 3, 5, 5, 7, 10, 8, 15]",Hawthorn,7,Regular season,06,08,2022,13:45:00,10,20,13.0,19.0,7.0,0.0,12.0,1586,1713,121.0,50.0,5.0,0.0,4.0,2.0,0.0,8.0,1L,28.0,92.59,-1.0,L,11.0,19.0,9.0,0.0,10.0,1635,1584,121.0,55.0,7.0,0.0,3.0,2.0,0.0,7.0,1W,36.0,103.22,1.0,W,1
164,173,2022-08-06 14:10:00,21,3,Sydney Showground,Greater Western Sydney,Essendon,96,69,"[3, 5, 7, 7, 11, 9, 14, 12]","[3, 3, 7, 5, 9, 8, 10, 9]",Greater Western Sydney,27,Regular season,06,08,2022,14:10:00,21,05,16.0,19.0,5.0,0.0,14.0,1409,1707,138.0,29.0,3.0,0.0,6.0,2.0,0.0,8.0,4L,20.0,82.54,-4.0,L,14.0,19.0,7.0,0.0,12.0,1531,1704,114.0,47.0,5.0,0.0,4.0,2.0,0.0,8.0,1W,28.0,89.85,1.0,W,1
165,174,2022-08-06 16:35:00,21,4,Docklands,Western Bulldogs,Fremantle,78,95,"[3, 4, 5, 5, 9, 9, 11, 12]","[5, 1, 9, 4, 13, 8, 14, 11]",Fremantle,17,Regular season,06,08,2022,16:35:00,07,08,10.0,19.0,10.0,0.0,9.0,1746,1596,161.0,61.0,6.0,0.0,3.0,4.0,0.0,6.0,1L,40.0,109.4,-1.0,L,6.0,19.0,12.0,1.0,6.0,1484,1292,111.0,33.0,6.0,0.0,4.0,6.0,1.0,2.0,1L,50.0,114.86,-1.0,L,0
166,175,2022-08-06 19:25:00,21,5,Kardinia Park,Geelong,St Kilda,110,65,"[6, 4, 8, 5, 12, 7, 17, 8]","[3, 0, 7, 1, 7, 4, 10, 5]",Geelong,45,Regular season,06,08,2022,19:25:00,09,15,1.0,19.0,15.0,0.0,4.0,1786,1318,144.0,66.0,8.0,0.0,1.0,7.0,0.0,3.0,10W,60.0,135.51,10.0,W,8.0,19.0,11.0,0.0,8.0,1498,1436,142.0,32.0,5.0,0.0,4.0,6.0,0.0,4.0,2W,44.0,104.32,2.0,W,1
167,176,2022-08-06 19:40:00,21,6,Adelaide Oval,Port Adelaide,Richmond,71,109,"[3, 1, 6, 4, 9, 6, 10, 11]","[4, 4, 7, 6, 14, 10, 16, 13]",Richmond,38,Regular season,06,08,2022,19:40:00,13,14,12.0,19.0,8.0,0.0,11.0,1478,1412,117.0,36.0,6.0,0.0,3.0,2.0,0.0,8.0,3L,32.0,104.67,-3.0,L,9.0,19.0,10.0,1.0,8.0,1787,1567,165.0,52.0,8.0,1.0,1.0,2.0,0.0,7.0,1W,42.0,114.04,1.0,W,0
168,177,2022-08-07 13:10:00,21,7,Docklands,North Melbourne,Sydney,88,126,"[2, 0, 5, 1, 8, 5, 13, 10]","[4, 5, 8, 10, 14, 15, 18, 18]",Sydney,38,Regular season,07,08,2022,13:10:00,12,16,18.0,19.0,2.0,0.0,17.0,1128,2054,92.0,24.0,2.0,0.0,7.0,0.0,0.0,10.0,2L,8.0,54.92,-2.0,L,4.0,19.0,13.0,0.0,6.0,1776,1404,121.0,59.0,8.0,0.0,2.0,5.0,0.0,4.0,4W,52.0,126.5,4.0,W,0
169,178,2022-08-07 15:20:00,21,8,Gabba,Brisbane Lions,Carlton,114,81,"[4, 6, 8, 9, 13, 11, 17, 12]","[0, 1, 3, 4, 4, 8, 12, 9]",Brisbane Lions,33,Regular season,07,08,2022,15:20:00,19,03,5.0,19.0,13.0,0.0,6.0,1895,1537,156.0,53.0,8.0,0.0,1.0,5.0,0.0,5.0,1L,52.0,123.29,-1.0,L,7.0,19.0,12.0,0.0,7.0,1628,1446,116.0,55.0,8.0,0.0,2.0,4.0,0.0,5.0,1L,48.0,112.59,-1.0,L,1
170,179,2022-08-07 16:10:00,21,9,Perth Stadium,West Coast,Adelaide,86,102,"[3, 3, 7, 4, 9, 5, 13, 8]","[4, 0, 7, 2, 12, 4, 16, 6]",Adelaide,16,Regular season,07,08,2022,16:10:00,18,01,17.0,19.0,2.0,0.0,17.0,1250,2085,107.0,30.0,1.0,0.0,9.0,1.0,0.0,8.0,5L,8.0,59.95,-5.0,L,15.0,19.0,6.0,0.0,13.0,1461,1715,115.0,54.0,4.0,0.0,6.0,2.0,0.0,7.0,1W,24.0,85.19,1.0,W,0
171,180,2022-08-12 19:50:00,22,1,Docklands,St Kilda,Brisbane Lions,66,81,"[3, 1, 4, 2, 9, 7, 9, 12]","[3, 2, 7, 6, 8, 8, 12, 9]",Brisbane Lions,15,Regular season,12,08,2022,19:50:00,15,19,9.0,20.0,11.0,0.0,9.0,1563,1546,142.0,32.0,5.0,0.0,4.0,6.0,0.0,5.0,1L,44.0,101.1,-1.0,L,5.0,20.0,14.0,0.0,6.0,2009,1618,156.0,53.0,9.0,0.0,1.0,5.0,0.0,5.0,1W,56.0,124.17,1.0,W,0
172,181,2022-08-13 13:45:00,22,2,Docklands,Western Bulldogs,Greater Western Sydney,62,57,"[3, 0, 4, 1, 8, 2, 9, 8]","[1, 1, 3, 3, 8, 6, 8, 9]",Western Bulldogs,5,Regular season,13,08,2022,13:45:00,07,21,10.0,20.0,10.0,0.0,10.0,1824,1691,161.0,61.0,6.0,0.0,4.0,4.0,0.0,6.0,2L,40.0,107.87,-2.0,L,16.0,20.0,6.0,0.0,14.0,1505,1776,138.0,29.0,4.0,0.0,6.0,2.0,0.0,8.0,1W,24.0,84.74,1.0,W,1
173,182,2022-08-13 14:10:00,22,3,Adelaide Oval,Adelaide,North Melbourne,103,74,"[4, 7, 7, 7, 10, 10, 15, 13]","[3, 3, 8, 9, 10, 10, 10, 14]",Adelaide,29,Regular season,13,08,2022,14:10:00,01,12,15.0,20.0,7.0,0.0,13.0,1563,1801,115.0,54.0,4.0,0.0,6.0,3.0,0.0,7.0,2W,28.0,86.79,2.0,W,18.0,20.0,2.0,0.0,18.0,1216,2180,92.0,24.0,2.0,0.0,8.0,0.0,0.0,10.0,3L,8.0,55.78,-3.0,L,1
174,183,2022-08-13 16:35:00,22,4,Carrara,Gold Coast,Geelong,59,119,"[2, 2, 4, 2, 7, 2, 9, 5]","[7, 3, 12, 5, 15, 9, 18, 11]",Geelong,60,Regular season,13,08,2022,16:35:00,20,09,11.0,20.0,9.0,0.0,11.0,1698,1654,121.0,55.0,7.0,0.0,3.0,2.0,0.0,8.0,1L,36.0,102.66,-1.0,L,1.0,20.0,16.0,0.0,4.0,1896,1383,144.0,66.0,9.0,0.0,1.0,7.0,0.0,3.0,11W,64.0,137.09,11.0,W,0
175,184,2022-08-13 19:25:00,22,5,M.C.G.,Melbourne,Carlton,79,74,"[1, 2, 4, 6, 7, 11, 11, 13]","[1, 3, 3, 4, 7, 8, 10, 14]",Melbourne,5,Regular season,13,08,2022,19:25:00,11,03,3.0,20.0,14.0,0.0,6.0,1742,1352,120.0,56.0,7.0,0.0,3.0,7.0,0.0,3.0,1L,56.0,128.85,-1.0,L,7.0,20.0,12.0,0.0,8.0,1709,1560,116.0,55.0,8.0,0.0,2.0,4.0,0.0,6.0,2L,48.0,109.55,-2.0,L,1
176,185,2022-08-13 19:40:00,22,6,Perth Stadium,Fremantle,West Coast,71,47,"[3, 4, 5, 6, 7, 14, 9, 17]","[4, 0, 5, 2, 6, 3, 7, 5]",Fremantle,24,Regular season,13,08,2022,19:40:00,08,18,6.0,20.0,13.0,1.0,6.0,1579,1370,111.0,33.0,6.0,0.0,4.0,7.0,1.0,2.0,1W,54.0,115.26,1.0,W,17.0,20.0,2.0,0.0,18.0,1336,2187,107.0,30.0,1.0,0.0,10.0,1.0,0.0,8.0,6L,8.0,61.09,-6.0,L,1
177,186,2022-08-14 13:10:00,22,7,M.C.G.,Richmond,Hawthorn,128,67,"[6, 2, 9, 3, 18, 5, 20, 8]","[1, 1, 4, 5, 5, 10, 9, 13]",Richmond,61,Regular season,14,08,2022,13:10:00,14,10,8.0,20.0,11.0,1.0,8.0,1896,1638,165.0,52.0,8.0,1.0,1.0,3.0,0.0,7.0,2W,46.0,115.75,2.0,W,13.0,20.0,8.0,0.0,12.0,1656,1776,121.0,50.0,6.0,0.0,4.0,2.0,0.0,8.0,1W,32.0,93.24,1.0,W,1
178,187,2022-08-14 15:20:00,22,8,S.C.G.,Sydney,Collingwood,77,50,"[4, 4, 5, 7, 9, 10, 11, 11]","[2, 3, 3, 4, 6, 5, 7, 8]",Sydney,27,Regular season,14,08,2022,15:20:00,16,04,4.0,20.0,14.0,0.0,6.0,1902,1492,126.0,59.0,8.0,0.0,2.0,6.0,0.0,4.0,5W,56.0,127.48,5.0,W,2.0,20.0,15.0,0.0,5.0,1714,1612,115.0,51.0,8.0,0.0,3.0,7.0,0.0,2.0,11W,60.0,106.33,11.0,W,1
179,188,2022-08-14 16:40:00,22,9,Docklands,Essendon,Port Adelaide,62,146,"[3, 4, 3, 5, 6, 5, 9, 8]","[5, 0, 12, 2, 14, 6, 23, 8]",Port Adelaide,84,Regular season,14,08,2022,16:40:00,05,13,14.0,20.0,7.0,0.0,13.0,1600,1800,114.0,47.0,5.0,0.0,4.0,2.0,0.0,9.0,1L,28.0,88.89,-1.0,L,12.0,20.0,8.0,0.0,12.0,1549,1521,117.0,36.0,6.0,0.0,4.0,2.0,0.0,8.0,4L,32.0,101.84,-4.0,L,0
180,189,2022-08-19 19:50:00,23,1,Gabba,Brisbane Lions,Melbourne,57,115,"[1, 1, 2, 3, 5, 6, 8, 9]","[6, 2, 13, 3, 17, 4, 18, 7]",Melbourne,58,Regular season,19,08,2022,19:50:00,19,11,4.0,21.0,15.0,0.0,6.0,2090,1684,156.0,53.0,9.0,0.0,1.0,6.0,0.0,5.0,2W,60.0,124.11,2.0,W,3.0,21.0,15.0,0.0,6.0,1821,1426,120.0,56.0,8.0,0.0,3.0,7.0,0.0,3.0,1W,60.0,127.7,1.0,W,0
181,190,2022-08-20 13:45:00,23,2,Manuka Oval,Greater Western Sydney,Fremantle,69,89,"[4, 3, 7, 4, 8, 7, 10, 9]","[2, 2, 5, 5, 8, 8, 13, 11]",Fremantle,20,Regular season,20,08,2022,13:45:00,21,08,16.0,21.0,6.0,0.0,15.0,1562,1838,138.0,29.0,4.0,0.0,6.0,2.0,0.0,9.0,1L,24.0,84.98,-1.0,L,6.0,21.0,14.0,1.0,6.0,1650,1417,111.0,33.0,7.0,0.0,4.0,7.0,1.0,2.0,2W,58.0,116.44,2.0,W,0
182,191,2022-08-20 14:10:00,23,3,Docklands,North Melbourne,Gold Coast,47,114,"[1, 5, 3, 6, 5, 9, 6, 11]","[4, 2, 6, 8, 12, 12, 16, 18]",Gold Coast,67,Regular season,20,08,2022,14:10:00,12,20,18.0,21.0,2.0,0.0,19.0,1290,2283,92.0,24.0,2.0,0.0,8.0,0.0,0.0,11.0,4L,8.0,56.5,-4.0,L,12.0,21.0,9.0,0.0,12.0,1757,1773,121.0,55.0,7.0,0.0,4.0,2.0,0.0,8.0,2L,36.0,99.1,-2.0,L,0
183,192,2022-08-20 16:35:00,23,4,Kardinia Park,Geelong,West Coast,131,46,"[6, 4, 12, 7, 15, 12, 19, 17]","[3, 2, 4, 4, 6, 4, 7, 4]",Geelong,85,Regular season,20,08,2022,16:35:00,09,18,1.0,21.0,17.0,0.0,4.0,2015,1442,144.0,66.0,9.0,0.0,1.0,8.0,0.0,3.0,12W,68.0,139.74,12.0,W,17.0,21.0,2.0,0.0,19.0,1383,2258,107.0,30.0,1.0,0.0,10.0,1.0,0.0,9.0,7L,8.0,61.25,-7.0,L,1
184,193,2022-08-20 19:25:00,23,5,M.C.G.,Essendon,Richmond,75,141,"[3, 2, 7, 6, 9, 8, 11, 9]","[6, 3, 10, 7, 16, 10, 21, 15]",Richmond,66,Regular season,20,08,2022,19:25:00,05,14,15.0,21.0,7.0,0.0,14.0,1662,1946,114.0,47.0,5.0,0.0,5.0,2.0,0.0,9.0,2L,28.0,85.41,-2.0,L,7.0,21.0,12.0,1.0,8.0,2024,1705,165.0,52.0,9.0,1.0,1.0,3.0,0.0,7.0,3W,50.0,118.71,3.0,W,0
185,194,2022-08-20 19:30:00,23,6,Adelaide Oval,Port Adelaide,Adelaide,111,55,"[2, 4, 5, 7, 9, 13, 16, 15]","[2, 3, 4, 6, 5, 9, 7, 13]",Port Adelaide,56,Regular season,20,08,2022,19:30:00,13,01,11.0,21.0,9.0,0.0,12.0,1695,1583,146.0,36.0,6.0,0.0,4.0,3.0,0.0,8.0,1W,36.0,107.08,1.0,W,14.0,21.0,8.0,0.0,13.0,1666,1875,115.0,54.0,5.0,0.0,6.0,3.0,0.0,7.0,3W,32.0,88.85,3.0,W,1
186,195,2022-08-21 13:10:00,23,7,York Park,Hawthorn,Western Bulldogs,64,87,"[4, 1, 8, 1, 9, 2, 10, 4]","[2, 1, 8, 4, 9, 12, 12, 15]",Western Bulldogs,23,Regular season,21,08,2022,13:10:00,10,07,13.0,21.0,8.0,0.0,13.0,1723,1904,121.0,50.0,6.0,0.0,4.0,2.0,0.0,9.0,1L,32.0,90.49,-1.0,L,9.0,21.0,11.0,0.0,10.0,1886,1748,161.0,61.0,7.0,0.0,4.0,4.0,0.0,6.0,1W,44.0,107.89,1.0,W,0
187,196,2022-08-21 15:20:00,23,8,M.C.G.,Carlton,Collingwood,74,75,"[0, 3, 2, 5, 10, 8, 10, 14]","[3, 5, 5, 6, 6, 8, 11, 9]",Collingwood,1,Regular season,21,08,2022,15:20:00,03,04,8.0,21.0,12.0,0.0,9.0,1783,1639,116.0,55.0,8.0,0.0,2.0,4.0,0.0,7.0,3L,48.0,108.79,-3.0,L,5.0,21.0,15.0,0.0,6.0,1764,1689,115.0,50.0,8.0,0.0,3.0,7.0,0.0,3.0,1L,60.0,104.44,-1.0,L,0
188,197,2022-08-21 16:40:00,23,9,Docklands,St Kilda,Sydney,74,88,"[3, 3, 5, 5, 7, 7, 11, 8]","[4, 2, 9, 3, 11, 6, 13, 10]",Sydney,14,Regular season,21,08,2022,16:40:00,15,16,10.0,21.0,11.0,0.0,10.0,1629,1627,142.0,32.0,5.0,0.0,5.0,6.0,0.0,5.0,2L,44.0,100.12,-2.0,L,2.0,21.0,15.0,0.0,6.0,1979,1542,126.0,59.0,9.0,0.0,2.0,6.0,0.0,4.0,6W,60.0,128.34,6.0,W,0
189,198,2022-09-01 19:20:00,24,1,Gabba,Brisbane Lions,Richmond,106,104,"[4, 3, 8, 5, 13, 7, 16, 10]","[4, 3, 9, 5, 14, 6, 16, 8]",Brisbane Lions,2,Finals,01,09,2022,19:20:00,19,14,6.0,22.0,15.0,0.0,7.0,2147,1799,156.0,53.0,9.0,0.0,2.0,6.0,0.0,5.0,1L,60.0,119.34,-1.0,L,7.0,22.0,13.0,1.0,8.0,2165,1780,165.0,52.0,9.0,1.0,1.0,4.0,0.0,7.0,4W,54.0,121.63,4.0,W,1
190,199,2022-09-02 19:50:00,24,1,M.C.G.,Melbourne,Sydney,69,91,"[4, 1, 5, 4, 10, 5, 10, 9]","[2, 3, 6, 4, 12, 5, 14, 7]",Sydney,22,Finals,02,09,2022,19:50:00,11,16,2.0,22.0,16.0,0.0,6.0,1936,1483,120.0,56.0,8.0,0.0,3.0,8.0,0.0,3.0,2W,64.0,130.55,2.0,W,3.0,22.0,16.0,0.0,6.0,2067,1616,126.0,59.0,9.0,0.0,2.0,7.0,0.0,4.0,7W,64.0,127.91,7.0,W,0
191,200,2022-09-03 16:35:00,24,1,M.C.G.,Geelong,Collingwood,78,72,"[1, 3, 4, 7, 7, 10, 11, 12]","[3, 5, 4, 8, 8, 11, 10, 12]",Geelong,6,Finals,03,09,2022,16:35:00,09,04,1.0,22.0,18.0,0.0,4.0,2146,1488,144.0,66.0,10.0,0.0,1.0,8.0,0.0,3.0,13W,72.0,144.22,13.0,W,4.0,22.0,16.0,0.0,6.0,1839,1763,115.0,50.0,8.0,0.0,3.0,8.0,0.0,3.0,1W,64.0,104.31,1.0,W,1
192,201,2022-09-03 20:10:00,24,1,Perth Stadium,Fremantle,Western Bulldogs,73,60,"[0, 1, 4, 3, 7, 5, 11, 7]","[5, 5, 6, 6, 7, 11, 8, 12]",Fremantle,13,Finals,03,09,2022,20:10:00,08,07,5.0,22.0,15.0,1.0,6.0,1739,1486,111.0,33.0,7.0,0.0,4.0,8.0,1.0,2.0,3W,62.0,117.03,3.0,W,8.0,22.0,12.0,0.0,10.0,1973,1812,161.0,61.0,7.0,0.0,4.0,5.0,0.0,6.0,2W,48.0,108.89,2.0,W,1
193,202,2022-09-09 19:50:00,24,1,M.C.G.,Melbourne,Brisbane Lions,79,92,"[3, 6, 6, 8, 8, 11, 11, 13]","[1, 3, 3, 4, 9, 5, 14, 8]",Brisbane Lions,13,Finals,09,09,2022,19:50:00,11,19,2.0,22.0,16.0,0.0,6.0,1936,1483,120.0,56.0,8.0,0.0,3.0,8.0,0.0,3.0,2W,64.0,130.55,2.0,W,6.0,22.0,15.0,0.0,7.0,2147,1799,156.0,53.0,9.0,0.0,2.0,6.0,0.0,5.0,1L,60.0,119.34,-1.0,L,0
194,203,2022-09-10 19:25:00,24,1,M.C.G.,Collingwood,Fremantle,79,59,"[4, 0, 6, 6, 8, 12, 11, 13]","[0, 1, 2, 2, 4, 4, 9, 5]",Collingwood,20,Finals,10,09,2022,19:25:00,04,08,4.0,22.0,16.0,0.0,6.0,1839,1763,115.0,50.0,8.0,0.0,3.0,8.0,0.0,3.0,1W,64.0,104.31,1.0,W,5.0,22.0,15.0,1.0,6.0,1739,1486,111.0,33.0,7.0,0.0,4.0,8.0,1.0,2.0,3W,62.0,117.03,3.0,W,1
195,204,2022-09-16 19:50:00,24,1,M.C.G.,Geelong,Brisbane Lions,120,49,"[4, 2, 7, 7, 14, 11, 18, 12]","[2, 0, 3, 1, 5, 2, 7, 7]",Geelong,71,Finals,16,09,2022,19:50:00,09,19,1.0,22.0,18.0,0.0,4.0,2146,1488,144.0,66.0,10.0,0.0,1.0,8.0,0.0,3.0,13W,72.0,144.22,13.0,W,6.0,22.0,15.0,0.0,7.0,2147,1799,156.0,53.0,9.0,0.0,2.0,6.0,0.0,5.0,1L,60.0,119.34,-1.0,L,1
196,205,2022-09-17 16:45:00,24,1,S.C.G.,Sydney,Collingwood,95,94,"[6, 3, 11, 7, 13, 10, 14, 11]","[3, 0, 7, 1, 10, 5, 14, 10]",Sydney,1,Finals,17,09,2022,16:45:00,16,04,3.0,22.0,16.0,0.0,6.0,2067,1616,126.0,59.0,9.0,0.0,2.0,7.0,0.0,4.0,7W,64.0,127.91,7.0,W,4.0,22.0,16.0,0.0,6.0,1839,1763,115.0,50.0,8.0,0.0,3.0,8.0,0.0,3.0,1W,64.0,104.31,1.0,W,1
197,206,2022-09-24 14:30:00,24,1,M.C.G.,Geelong,Sydney,133,52,"[6, 5, 9, 8, 15, 11, 20, 13]","[1, 0, 4, 2, 4, 3, 8, 4]",Geelong,81,Finals,24,09,2022,14:30:00,09,16,1.0,22.0,18.0,0.0,4.0,2146,1488,144.0,66.0,10.0,0.0,1.0,8.0,0.0,3.0,13W,72.0,144.22,13.0,W,3.0,22.0,16.0,0.0,6.0,2067,1616,126.0,59.0,9.0,0.0,2.0,7.0,0.0,4.0,7W,64.0,127.91,7.0,W,1
